studentid;schooljaar;standaardscore;ond_opgaves8000;ond_percgoed8000;ond_opgaves8001;ond_percgoed8001;ond_opgaves8002;ond_percgoed8002
6730;2016-2017;537;106;78.5;54;63.5;56;62.2
4859;2016-2017;515;50;37;39;45.9;50;55.6
5543;2016-2017;541;111;82.2;62;72.90000000000001;;
3328;2016-2017;530;69;51.1;69;81.2;41;45.6
2649;2016-2017;519;81;60;20;23.5;55;61.1
9271;2016-2017;542;106;78.5;68;80;49;54.4
7465;2015-2016;542;103;76.3;70;82.40000000000001;53;58.9
7611;2016-2017;550;123;91.09999999999999;77;90.59999999999999;65;72.2
3744;2016-2017;536;96;71.09999999999999;60;70.59999999999999;57;63.3
9349;2016-2017;540;113;83.7;56;65.90000000000001;73;81.09999999999999
1897;2016-2017;529;90;66.7;45;52.9;;
5770;2016-2017;538;107;79.3;57;67.09999999999999;71;78.90000000000001
5721;2016-2017;531;87;64.40000000000001;54;63.5;50;55.6
9452;2015-2016;545;109;80.7;75;88.2;53;58.9
1879;2015-2016;534;89;65.90000000000001;58;68.2;;
4345;2016-2017;535;100;74.09999999999999;52;61.2;61;67.8
7662;2016-2017;550;120;88.90000000000001;82;96.5;74;82.2
8706;2016-2017;549;120;88.90000000000001;77;90.59999999999999;78;86.7
7994;2016-2017;546;110;81.5;79;92.90000000000001;72;80
6874;2016-2017;539;106;78.5;59;69.40000000000001;60;66.7
8927;2016-2017;542;114;84.40000000000001;60;70.59999999999999;57;63.3
8482;2016-2017;545;111;82.2;75;88.2;;
6992;2016-2017;532;88;65.2;57;67.09999999999999;68;75.59999999999999
1421;2016-2017;523;82;60.7;33;38.8;45;50
5487;2016-2017;543;111;82.2;67;78.8;49;54.4
8398;2016-2017;538;107;79.3;56;65.90000000000001;;
5164;2016-2017;532;80;59.3;63;74.09999999999999;61;67.8
4819;2016-2017;528;95;70.40000000000001;36;42.4;61;67.8
2439;2016-2017;531;100;74.09999999999999;41;48.2;43;47.8
8264;2016-2017;540;104;77;64;75.3;66;73.3
8270;2016-2017;535;97;71.90000000000001;57;67.09999999999999;;
9624;2015-2016;547;115;85.2;75;88.2;70;77.8
8742;2016-2017;542;113;83.7;63;74.09999999999999;69;76.7
2585;2016-2017;536;108;80;49;57.6;69;76.7
9244;2016-2017;547;120;88.90000000000001;71;83.5;66;73.3
5882;2016-2017;542;104;77;70;82.40000000000001;;
8167;2016-2017;546;119;88.09999999999999;70;82.40000000000001;58;64.40000000000001
8086;2016-2017;549;126;93.3;73;85.90000000000001;;
7989;2016-2017;548;122;90.40000000000001;74;87.09999999999999;73;81.09999999999999
3422;2016-2017;532;94;69.59999999999999;49;57.6;51;56.7
4005;2016-2017;524;78;57.8;42;49.4;53;58.9
7371;2016-2017;542;108;80;66;77.59999999999999;63;70
7951;2016-2017;546;118;87.40000000000001;70;82.40000000000001;73;81.09999999999999
3258;2016-2017;538;103;76.3;59;69.40000000000001;59;65.59999999999999
4518;2016-2017;526;90;66.7;34;40;54;60
2770;2016-2017;533;102;75.59999999999999;44;51.8;;
6084;2016-2017;539;108;80;57;67.09999999999999;58;64.40000000000001
4669;2016-2017;534;91;67.40000000000001;58;68.2;64;71.09999999999999
3246;2016-2017;535;111;82.2;43;50.6;60;66.7
5355;2016-2017;547;114;84.40000000000001;78;91.8;69;76.7
9278;2016-2017;542;115;85.2;59;69.40000000000001;66;73.3
7709;2016-2017;544;117;86.7;65;76.5;64;71.09999999999999
3038;2016-2017;536;99;73.3;58;68.2;41;45.6
4153;2016-2017;536;97;71.90000000000001;58;68.2;60;66.7
6327;2016-2017;547;114;84.40000000000001;78;91.8;;
8675;2016-2017;541;114;84.40000000000001;59;69.40000000000001;67;74.40000000000001
2032;2015-2016;522;69;51.1;41;48.2;61;67.8
7630;2016-2017;550;127;94.09999999999999;85;100;;
3907;2016-2017;536;101;74.8;54;63.5;58;64.40000000000001
5176;2016-2017;542;103;76.3;71;83.5;58;64.40000000000001
7737;2016-2017;545;108;80;76;89.40000000000001;54;60
3851;2016-2017;525;86;63.7;36;42.4;;
6789;2016-2017;550;119;88.09999999999999;84;98.8;68;75.59999999999999
7461;2015-2016;548;116;85.90000000000001;77;90.59999999999999;;
1230;2016-2017;526;80;59.3;45;52.9;;
7040;2016-2017;535;87;64.40000000000001;66;77.59999999999999;;
4234;2016-2017;538;98;72.59999999999999;65;76.5;65;72.2
6053;2016-2017;547;113;83.7;78;91.8;;
3017;2016-2017;535;96;71.09999999999999;56;65.90000000000001;51;56.7
9717;2016-2017;538;101;74.8;61;71.8;;
2945;2016-2017;529;84;62.2;51;60;42;46.7
8050;2016-2017;548;118;87.40000000000001;77;90.59999999999999;62;68.90000000000001
2305;2015-2016;526;78;57.8;44;51.8;;
7214;2015-2016;540;96;71.09999999999999;70;82.40000000000001;67;74.40000000000001
6559;2016-2017;530;85;63;51;60;67;74.40000000000001
1418;2016-2017;518;64;47.4;36;42.4;45;50
9682;2016-2017;548;121;89.59999999999999;75;88.2;56;62.2
9141;2016-2017;546;107;79.3;82;96.5;74;82.2
8949;2016-2017;548;120;88.90000000000001;74;87.09999999999999;64;71.09999999999999
4376;2016-2017;524;73;54.1;45;52.9;63;70
7169;2015-2016;542;119;88.09999999999999;56;65.90000000000001;65;72.2
8130;2016-2017;541;102;75.59999999999999;70;82.40000000000001;74;82.2
6597;2016-2017;532;98;72.59999999999999;46;54.1;39;43.3
9700;2016-2017;539;91;67.40000000000001;74;87.09999999999999;;
8477;2016-2017;542;115;85.2;61;71.8;68;75.59999999999999
2986;2016-2017;534;93;68.90000000000001;57;67.09999999999999;59;65.59999999999999
8594;2016-2017;550;126;93.3;79;92.90000000000001;80;88.90000000000001
1011;2016-2017;524;69;51.1;49;57.6;35;38.9
3981;2016-2017;528;79;58.5;51;60;;
7341;2016-2017;528;91;67.40000000000001;39;45.9;48;53.3
5763;2016-2017;544;110;81.5;73;85.90000000000001;56;62.2
9724;2016-2017;545;119;88.09999999999999;67;78.8;;
3236;2016-2017;541;108;80;65;76.5;70;77.8
7107;2015-2016;533;95;70.40000000000001;50;58.8;66;73.3
9698;2016-2017;529;92;68.09999999999999;43;50.6;;
344;2016-2017;524;78;57.8;42;49.4;41;45.6
2914;2016-2017;538;105;77.8;57;67.09999999999999;61;67.8
5238;2016-2017;542;103;76.3;71;83.5;53;58.9
3047;2016-2017;517;67;49.6;28;32.9;28;31.1
8850;2016-2017;550;118;87.40000000000001;82;96.5;75;83.3
6350;2016-2017;537;100;74.09999999999999;60;70.59999999999999;65;72.2
430;2016-2017;520;71;52.6;34;40;31;34.4
2457;2016-2017;533;109;80.7;39;45.9;62;68.90000000000001
1554;2015-2016;522;80;59.3;32;37.6;69;76.7
4529;2015-2016;538;104;77;56;65.90000000000001;49;54.4
1683;2015-2016;509;61;45.2;10;11.8;30;33.3
8046;2016-2017;547;115;85.2;75;88.2;69;76.7
6530;2016-2017;540;100;74.09999999999999;70;82.40000000000001;76;84.40000000000001
6566;2016-2017;538;96;71.09999999999999;68;80;54;60
8041;2016-2017;544;113;83.7;70;82.40000000000001;65;72.2
7123;2016-2017;541;98;72.59999999999999;73;85.90000000000001;83;92.2
1887;2016-2017;520;59;43.7;46;54.1;47;52.2
8230;2016-2017;545;117;86.7;68;80;81;90
39;2016-2017;522;69;51.1;43;50.6;51;56.7
7365;2015-2016;532;92;68.09999999999999;50;58.8;66;73.3
3675;2016-2017;536;95;70.40000000000001;62;72.90000000000001;;
9081;2016-2017;550;123;91.09999999999999;83;97.59999999999999;80;88.90000000000001
122;2016-2017;525;70;51.9;53;62.4;29;32.2
1363;2016-2017;524;71;52.6;49;57.6;46;51.1
879;2016-2017;528;82;60.7;50;58.8;56;62.2
2893;2016-2017;535;85;63;68;80;57;63.3
3436;2016-2017;542;104;77;70;82.40000000000001;;
3702;2016-2017;537;105;77.8;54;63.5;59;65.59999999999999
3431;2016-2017;532;82;60.7;63;74.09999999999999;66;73.3
9709;2016-2017;546;119;88.09999999999999;69;81.2;;
7006;2016-2017;541;107;79.3;64;75.3;72;80
5545;2016-2017;536;97;71.90000000000001;60;70.59999999999999;50;55.6
8102;2016-2017;543;103;76.3;76;89.40000000000001;77;85.59999999999999
6266;2016-2017;541;101;74.8;70;82.40000000000001;74;82.2
5820;2016-2017;525;79;58.5;43;50.6;;
4860;2015-2016;536;103;76.3;52;61.2;66;73.3
8803;2016-2017;548;114;84.40000000000001;81;95.3;72;80
8632;2016-2017;549;118;87.40000000000001;80;94.09999999999999;77;85.59999999999999
2755;2016-2017;531;83;61.5;57;67.09999999999999;58;64.40000000000001
8354;2016-2017;544;113;83.7;69;81.2;74;82.2
5893;2016-2017;544;111;82.2;70;82.40000000000001;57;63.3
7034;2016-2017;543;106;78.5;73;85.90000000000001;67;74.40000000000001
9716;2016-2017;539;103;76.3;64;75.3;86;95.59999999999999
2900;2016-2017;545;120;88.90000000000001;65;76.5;;
9511;2016-2017;547;120;88.90000000000001;71;83.5;;
6036;2016-2017;540;112;83;58;68.2;43;47.8
959;2016-2017;532;87;64.40000000000001;57;67.09999999999999;75;83.3
1108;2016-2017;514;57;42.2;30;35.3;35;38.9
912;2016-2017;523;74;54.8;40;47.1;59;65.59999999999999
1196;2016-2017;517;52;38.5;43;50.6;36;40
7281;2015-2016;547;115;85.2;75;88.2;72;80
9049;2016-2017;549;119;88.09999999999999;80;94.09999999999999;;
8491;2016-2017;541;102;75.59999999999999;71;83.5;76;84.40000000000001
5473;2016-2017;546;116;85.90000000000001;71;83.5;;
2953;2016-2017;537;99;73.3;61;71.8;35;38.9
4293;2016-2017;521;68;50.4;41;48.2;;
8745;2016-2017;550;123;91.09999999999999;85;100;83;92.2
6176;2016-2017;546;112;83;75;88.2;55;61.1
867;2016-2017;526;89;65.90000000000001;37;43.5;;
3767;2016-2017;533;89;65.90000000000001;58;68.2;47;52.2
4820;2015-2016;533;92;68.09999999999999;52;61.2;47;52.2
4981;2015-2016;527;71;52.6;55;64.7;53;58.9
4792;2015-2016;538;104;77;56;65.90000000000001;73;81.09999999999999
9683;2016-2017;548;119;88.09999999999999;76;89.40000000000001;61;67.8
5311;2016-2017;548;119;88.09999999999999;75;88.2;62;68.90000000000001
9058;2016-2017;546;111;82.2;77;90.59999999999999;;
8806;2016-2017;548;118;87.40000000000001;76;89.40000000000001;82;91.09999999999999
6937;2015-2016;535;104;77;47;55.3;66;73.3
7958;2016-2017;544;106;78.5;77;90.59999999999999;;
176;2016-2017;528;91;67.40000000000001;41;48.2;56;62.2
4238;2016-2017;520;66;48.9;40;47.1;;
3896;2016-2017;537;97;71.90000000000001;64;75.3;53;58.9
3348;2016-2017;539;110;81.5;55;64.7;;
3929;2016-2017;535;101;74.8;52;61.2;;
9563;2016-2017;538;107;79.3;57;67.09999999999999;;
2041;2015-2016;529;73;54.1;60;70.59999999999999;54;60
8734;2016-2017;549;120;88.90000000000001;77;90.59999999999999;57;63.3
4696;2016-2017;524;77;57;43;50.6;31;34.4
3986;2016-2017;535;100;74.09999999999999;54;63.5;66;73.3
5298;2016-2017;549;118;87.40000000000001;79;92.90000000000001;74;82.2
6345;2016-2017;541;106;78.5;66;77.59999999999999;50;55.6
6320;2016-2017;540;103;76.3;66;77.59999999999999;68;75.59999999999999
5441;2016-2017;533;88;65.2;58;68.2;63;70
9669;2016-2017;549;118;87.40000000000001;79;92.90000000000001;;
1984;2016-2017;530;86;63.7;50;58.8;;
9649;2015-2016;543;113;83.7;64;75.3;59;65.59999999999999
7549;2015-2016;541;115;85.2;55;64.7;;
5274;2016-2017;543;110;81.5;69;81.2;75;83.3
5680;2016-2017;540;115;85.2;53;62.4;61;67.8
605;2016-2017;530;95;70.40000000000001;41;48.2;57;63.3
8820;2016-2017;550;128;94.8;79;92.90000000000001;77;85.59999999999999
4265;2016-2017;534;111;82.2;40;47.1;42;46.7
844;2016-2017;536;98;72.59999999999999;58;68.2;60;66.7
8546;2016-2017;543;104;77;76;89.40000000000001;47;52.2
3550;2015-2016;535;93;68.90000000000001;59;69.40000000000001;66;73.3
2928;2016-2017;525;80;59.3;41;48.2;40;44.4
712;2016-2017;507;39;28.9;24;28.2;24;26.7
1636;2016-2017;527;85;63;43;50.6;43;47.8
3356;2016-2017;532;95;70.40000000000001;50;58.8;49;54.4
5912;2016-2017;539;97;71.90000000000001;68;80;;
428;2016-2017;508;49;36.3;19;22.4;31;34.4
923;2016-2017;531;84;62.2;58;68.2;;
6819;2016-2017;549;119;88.09999999999999;80;94.09999999999999;72;80
7369;2016-2017;539;96;71.09999999999999;70;82.40000000000001;;
2578;2016-2017;524;83;61.5;36;42.4;35;38.9
5800;2016-2017;539;99;73.3;67;78.8;50;55.6
3192;2016-2017;538;109;80.7;54;63.5;61;67.8
316;2016-2017;532;95;70.40000000000001;48;56.5;62;68.90000000000001
3426;2016-2017;531;84;62.2;56;65.90000000000001;;
6674;2016-2017;547;110;81.5;80;94.09999999999999;63;70
3180;2016-2017;541;115;85.2;57;67.09999999999999;71;78.90000000000001
5220;2016-2017;540;100;74.09999999999999;69;81.2;43;47.8
4307;2016-2017;539;105;77.8;62;72.90000000000001;66;73.3
5909;2016-2017;538;104;77;59;69.40000000000001;53;58.9
4770;2015-2016;516;63;46.7;28;32.9;47;52.2
3677;2016-2017;535;96;71.09999999999999;58;68.2;46;51.1
6614;2016-2017;540;101;74.8;67;78.8;43;47.8
2656;2016-2017;534;87;64.40000000000001;62;72.90000000000001;48;53.3
4893;2016-2017;530;90;66.7;46;54.1;58;64.40000000000001
7234;2016-2017;537;96;71.09999999999999;63;74.09999999999999;73;81.09999999999999
2249;2015-2016;520;81;60;24;28.2;57;63.3
3649;2016-2017;531;97;71.90000000000001;45;52.9;55;61.1
71;2016-2017;524;83;61.5;36;42.4;;
7274;2015-2016;537;93;68.90000000000001;65;76.5;75;83.3
4320;2016-2017;538;97;71.90000000000001;67;78.8;59;65.59999999999999
2425;2016-2017;542;105;77.8;70;82.40000000000001;76;84.40000000000001
3904;2016-2017;537;97;71.90000000000001;64;75.3;62;68.90000000000001
5983;2016-2017;538;111;82.2;53;62.4;67;74.40000000000001
3382;2016-2017;535;95;70.40000000000001;57;67.09999999999999;61;67.8
3407;2016-2017;534;92;68.09999999999999;58;68.2;56;62.2
7190;2015-2016;535;101;74.8;49;57.6;66;73.3
596;2016-2017;527;86;63.7;41;48.2;;
8393;2016-2017;550;126;93.3;75;88.2;80;88.90000000000001
9586;2015-2016;545;120;88.90000000000001;62;72.90000000000001;76;84.40000000000001
5605;2016-2017;536;96;71.09999999999999;61;71.8;61;67.8
9553;2015-2016;538;107;79.3;54;63.5;;
6166;2016-2017;539;104;77;63;74.09999999999999;65;72.2
1591;2016-2017;528;90;66.7;42;49.4;;
3415;2016-2017;532;92;68.09999999999999;53;62.4;50;55.6
4898;2016-2017;527;90;66.7;39;45.9;47;52.2
6778;2016-2017;543;110;81.5;68;80;72;80
5387;2016-2017;540;105;77.8;65;76.5;;
4068;2015-2016;535;87;64.40000000000001;64;75.3;;
4256;2016-2017;536;103;76.3;52;61.2;62;68.90000000000001
5658;2016-2017;532;86;63.7;58;68.2;;
8096;2016-2017;545;120;88.90000000000001;64;75.3;66;73.3
3111;2016-2017;539;103;76.3;62;72.90000000000001;70;77.8
4977;2015-2016;538;95;70.40000000000001;67;78.8;56;62.2
3615;2016-2017;545;116;85.90000000000001;68;80;66;73.3
9418;2016-2017;549;123;91.09999999999999;74;87.09999999999999;71;78.90000000000001
7147;2016-2017;539;101;74.8;65;76.5;62;68.90000000000001
3123;2016-2017;533;87;64.40000000000001;60;70.59999999999999;44;48.9
8305;2016-2017;550;118;87.40000000000001;82;96.5;53;58.9
6082;2016-2017;542;109;80.7;67;78.8;57;63.3
4808;2015-2016;512;40;29.6;38;44.7;54;60
383;2016-2017;523;69;51.1;47;55.3;46;51.1
8502;2016-2017;550;118;87.40000000000001;82;96.5;55;61.1
2362;2016-2017;533;99;73.3;47;55.3;44;48.9
236;2016-2017;523;65;48.1;51;60;50;55.6
9568;2016-2017;539;113;83.7;52;61.2;54;60
9712;2016-2017;537;90;66.7;69;81.2;70;77.8
6786;2016-2017;537;108;80;51;60;64;71.09999999999999
8696;2016-2017;541;105;77.8;66;77.59999999999999;62;68.90000000000001
8467;2016-2017;550;128;94.8;78;91.8;72;80
2147;2015-2016;530;83;61.5;52;61.2;;
8239;2016-2017;544;105;77.8;76;89.40000000000001;42;46.7
3860;2016-2017;535;85;63;68;80;52;57.8
7469;2015-2016;545;110;81.5;73;85.90000000000001;52;57.8
335;2016-2017;513;59;43.7;23;27.1;42;46.7
3200;2016-2017;536;102;75.59999999999999;54;63.5;72;80
4701;2016-2017;532;91;67.40000000000001;54;63.5;67;74.40000000000001
6959;2016-2017;539;112;83;53;62.4;56;62.2
8629;2016-2017;548;123;91.09999999999999;72;84.7;64;71.09999999999999
8854;2016-2017;546;121;89.59999999999999;67;78.8;71;78.90000000000001
9736;2016-2017;536;103;76.3;53;62.4;82;91.09999999999999
2279;2015-2016;525;77;57;43;50.6;45;50
1206;2016-2017;522;79;58.5;33;38.8;47;52.2
546;2016-2017;526;80;59.3;44;51.8;;
4348;2015-2016;530;75;55.6;60;70.59999999999999;;
7666;2016-2017;543;103;76.3;76;89.40000000000001;66;73.3
9674;2016-2017;545;107;79.3;79;92.90000000000001;77;85.59999999999999
7860;2016-2017;547;121;89.59999999999999;71;83.5;54;60
3072;2016-2017;532;90;66.7;55;64.7;35;38.9
2208;2015-2016;525;82;60.7;38;44.7;48;53.3
3739;2016-2017;535;97;71.90000000000001;56;65.90000000000001;67;74.40000000000001
6134;2016-2017;530;85;63;52;61.2;;
1233;2016-2017;521;67;49.6;43;50.6;43;47.8
3934;2016-2017;530;92;68.09999999999999;46;54.1;49;54.4
2166;2015-2016;525;74;54.8;45;52.9;42;46.7
2503;2016-2017;536;84;62.2;72;84.7;46;51.1
5095;2016-2017;540;107;79.3;63;74.09999999999999;51;56.7
3251;2016-2017;530;98;72.59999999999999;40;47.1;57;63.3
9667;2016-2017;548;120;88.90000000000001;75;88.2;65;72.2
5421;2016-2017;536;94;69.59999999999999;64;75.3;62;68.90000000000001
2999;2016-2017;529;86;63.7;48;56.5;64;71.09999999999999
7488;2015-2016;537;99;73.3;58;68.2;58;64.40000000000001
6017;2016-2017;536;106;78.5;50;58.8;55;61.1
5461;2016-2017;538;106;78.5;56;65.90000000000001;62;68.90000000000001
6446;2016-2017;544;109;80.7;72;84.7;64;71.09999999999999
5815;2016-2017;539;101;74.8;64;75.3;;
8371;2016-2017;538;108;80;56;65.90000000000001;;
7808;2016-2017;550;126;93.3;77;90.59999999999999;67;74.40000000000001
9703;2016-2017;543;109;80.7;69;81.2;73;81.09999999999999
6716;2016-2017;542;107;79.3;69;81.2;64;71.09999999999999
3931;2016-2017;526;84;62.2;40;47.1;39;43.3
3539;2016-2017;530;91;67.40000000000001;46;54.1;55;61.1
284;2016-2017;522;78;57.8;34;40;43;47.8
5378;2016-2017;525;70;51.9;51;60;44;48.9
9021;2016-2017;549;122;90.40000000000001;76;89.40000000000001;64;71.09999999999999
4583;2015-2016;532;100;74.09999999999999;43;50.6;55;61.1
4561;2015-2016;541;112;83;59;69.40000000000001;40;44.4
9666;2016-2017;549;123;91.09999999999999;76;89.40000000000001;71;78.90000000000001
2127;2016-2017;527;81;60;47;55.3;;
2065;2016-2017;535;81;60;71;83.5;60;66.7
8262;2016-2017;550;124;91.90000000000001;83;97.59999999999999;72;80
6287;2016-2017;530;88;65.2;50;58.8;60;66.7
4613;2016-2017;534;102;75.59999999999999;47;55.3;60;66.7
9226;2016-2017;550;126;93.3;80;94.09999999999999;72;80
5968;2016-2017;539;102;75.59999999999999;63;74.09999999999999;56;62.2
8457;2016-2017;541;97;71.90000000000001;76;89.40000000000001;61;67.8
7929;2016-2017;550;126;93.3;82;96.5;81;90
6292;2016-2017;542;106;78.5;68;80;62;68.90000000000001
9690;2016-2017;541;112;83;61;71.8;76;84.40000000000001
1129;2016-2017;535;96;71.09999999999999;57;67.09999999999999;;
3926;2016-2017;525;67;49.6;56;65.90000000000001;;
8321;2016-2017;545;113;83.7;72;84.7;62;68.90000000000001
3678;2016-2017;529;85;63;50;58.8;49;54.4
1402;2016-2017;532;93;68.90000000000001;50;58.8;;
9684;2016-2017;547;119;88.09999999999999;73;85.90000000000001;;
7719;2016-2017;544;109;80.7;74;87.09999999999999;62;68.90000000000001
8415;2016-2017;544;120;88.90000000000001;62;72.90000000000001;72;80
5245;2016-2017;536;98;72.59999999999999;60;70.59999999999999;59;65.59999999999999
8376;2016-2017;538;97;71.90000000000001;66;77.59999999999999;60;66.7
2544;2016-2017;540;100;74.09999999999999;68;80;60;66.7
2266;2015-2016;528;69;51.1;60;70.59999999999999;43;47.8
1788;2016-2017;521;81;60;28;32.9;46;51.1
9232;2016-2017;546;117;86.7;72;84.7;;
7824;2016-2017;548;112;83;82;96.5;66;73.3
2881;2016-2017;541;101;74.8;71;83.5;;
2819;2016-2017;535;94;69.59999999999999;58;68.2;;
5484;2016-2017;546;114;84.40000000000001;75;88.2;65;72.2
554;2016-2017;517;77;57;18;21.2;51;56.7
8119;2016-2017;537;108;80;51;60;60;66.7
2643;2016-2017;532;95;70.40000000000001;48;56.5;49;54.4
7245;2016-2017;538;109;80.7;54;63.5;;
7932;2016-2017;547;116;85.90000000000001;76;89.40000000000001;;
2427;2016-2017;534;91;67.40000000000001;59;69.40000000000001;56;62.2
5340;2016-2017;542;103;76.3;72;84.7;71;78.90000000000001
5317;2016-2017;536;96;71.09999999999999;62;72.90000000000001;54;60
6116;2016-2017;531;92;68.09999999999999;48;56.5;76;84.40000000000001
5535;2016-2017;539;111;82.2;56;65.90000000000001;67;74.40000000000001
6484;2016-2017;542;115;85.2;59;69.40000000000001;62;68.90000000000001
7868;2016-2017;550;132;97.8;79;92.90000000000001;75;83.3
9291;2016-2017;545;117;86.7;67;78.8;;
4143;2016-2017;542;113;83.7;63;74.09999999999999;;
4355;2016-2017;528;93;68.90000000000001;39;45.9;58;64.40000000000001
9722;2016-2017;546;115;85.2;73;85.90000000000001;73;81.09999999999999
4239;2015-2016;536;91;67.40000000000001;63;74.09999999999999;47;52.2
3961;2016-2017;534;97;71.90000000000001;52;61.2;57;63.3
3979;2016-2017;537;91;67.40000000000001;68;80;71;78.90000000000001
1723;2016-2017;534;91;67.40000000000001;58;68.2;;
2027;2015-2016;529;88;65.2;45;52.9;46;51.1
7116;2016-2017;541;110;81.5;61;71.8;47;52.2
5699;2016-2017;543;97;71.90000000000001;81;95.3;55;61.1
4991;2015-2016;529;92;68.09999999999999;41;48.2;;
4149;2016-2017;539;99;73.3;66;77.59999999999999;55;61.1
6275;2016-2017;539;104;77;62;72.90000000000001;55;61.1
8702;2016-2017;545;107;79.3;77;90.59999999999999;67;74.40000000000001
2565;2016-2017;538;104;77;59;69.40000000000001;55;61.1
9080;2016-2017;541;102;75.59999999999999;69;81.2;62;68.90000000000001
9720;2016-2017;549;118;87.40000000000001;81;95.3;79;87.8
6893;2016-2017;542;102;75.59999999999999;72;84.7;63;70
5959;2016-2017;539;98;72.59999999999999;68;80;66;73.3
8241;2016-2017;548;117;86.7;79;92.90000000000001;59;65.59999999999999
3344;2016-2017;539;110;81.5;57;67.09999999999999;67;74.40000000000001
5950;2016-2017;550;122;90.40000000000001;78;91.8;69;76.7
6364;2016-2017;540;101;74.8;69;81.2;56;62.2
8136;2016-2017;546;111;82.2;77;90.59999999999999;68;75.59999999999999
6878;2016-2017;536;94;69.59999999999999;63;74.09999999999999;;
6076;2016-2017;542;107;79.3;70;82.40000000000001;68;75.59999999999999
8402;2016-2017;542;105;77.8;71;83.5;64;71.09999999999999
86;2016-2017;524;74;54.8;44;51.8;53;58.9
7322;2015-2016;532;90;66.7;52;61.2;;
8701;2016-2017;549;124;91.90000000000001;75;88.2;;
8898;2016-2017;550;129;95.59999999999999;73;85.90000000000001;77;85.59999999999999
1778;2016-2017;522;69;51.1;43;50.6;40;44.4
8563;2016-2017;547;116;85.90000000000001;74;87.09999999999999;;
5192;2016-2017;539;102;75.59999999999999;65;76.5;55;61.1
4955;2016-2017;533;98;72.59999999999999;50;58.8;;
5964;2016-2017;543;106;78.5;74;87.09999999999999;53;58.9
5014;2015-2016;523;75;55.6;39;45.9;63;70
8383;2016-2017;550;120;88.90000000000001;80;94.09999999999999;71;78.90000000000001
8910;2016-2017;550;126;93.3;84;98.8;79;87.8
6642;2016-2017;549;123;91.09999999999999;74;87.09999999999999;78;86.7
6936;2016-2017;535;93;68.90000000000001;61;71.8;67;74.40000000000001
6588;2016-2017;546;116;85.90000000000001;71;83.5;66;73.3
1161;2016-2017;519;60;44.4;41;48.2;;
2604;2016-2017;529;82;60.7;52;61.2;38;42.2
1814;2015-2016;516;65;48.1;27;31.8;46;51.1
5413;2016-2017;550;120;88.90000000000001;81;95.3;;
7545;2015-2016;540;111;82.2;56;65.90000000000001;;
7721;2016-2017;544;116;85.90000000000001;67;78.8;49;54.4
869;2016-2017;523;79;58.5;35;41.2;53;58.9
919;2016-2017;539;104;77;61;71.8;;
5234;2016-2017;548;117;86.7;78;91.8;58;64.40000000000001
9551;2015-2016;540;107;79.3;61;71.8;66;73.3
3553;2016-2017;529;89;65.90000000000001;45;52.9;50;55.6
3358;2016-2017;523;70;51.9;46;54.1;34;37.8
9341;2016-2017;542;114;84.40000000000001;61;71.8;75;83.3
8466;2016-2017;540;112;83;57;67.09999999999999;50;55.6
5814;2016-2017;538;99;73.3;63;74.09999999999999;45;50
3161;2016-2017;536;91;67.40000000000001;64;75.3;;
7376;2016-2017;538;104;77;58;68.2;56;62.2
2506;2016-2017;530;89;65.90000000000001;47;55.3;;
2674;2016-2017;534;96;71.09999999999999;54;63.5;37;41.1
6886;2016-2017;529;99;73.3;35;41.2;55;61.1
6727;2016-2017;538;99;73.3;65;76.5;60;66.7
6177;2016-2017;545;109;80.7;75;88.2;78;86.7
6099;2016-2017;537;92;68.09999999999999;68;80;61;67.8
6285;2016-2017;534;100;74.09999999999999;50;58.8;45;50
9515;2016-2017;544;116;85.90000000000001;65;76.5;64;71.09999999999999
9694;2016-2017;535;91;67.40000000000001;62;72.90000000000001;;
4814;2015-2016;537;113;83.7;46;54.1;64;71.09999999999999
9361;2016-2017;545;112;83;73;85.90000000000001;71;78.90000000000001
6170;2016-2017;540;105;77.8;65;76.5;59;65.59999999999999
9554;2016-2017;546;118;87.40000000000001;71;83.5;75;83.3
4152;2016-2017;533;94;69.59999999999999;53;62.4;54;60
1572;2016-2017;519;69;51.1;34;40;46;51.1
8460;2016-2017;550;122;90.40000000000001;85;100;;
7402;2015-2016;546;111;82.2;76;89.40000000000001;63;70
3044;2016-2017;526;70;51.9;55;64.7;;
5091;2016-2017;545;111;82.2;73;85.90000000000001;70;77.8
2790;2016-2017;536;109;80.7;46;54.1;48;53.3
3455;2016-2017;530;92;68.09999999999999;46;54.1;;
6210;2016-2017;542;112;83;65;76.5;68;75.59999999999999
4689;2016-2017;538;88;65.2;74;87.09999999999999;;
1642;2016-2017;517;63;46.7;32;37.6;29;32.2
4066;2016-2017;543;109;80.7;70;82.40000000000001;;
3487;2016-2017;534;91;67.40000000000001;59;69.40000000000001;;
6089;2016-2017;534;93;68.90000000000001;58;68.2;70;77.8
8998;2016-2017;543;118;87.40000000000001;62;72.90000000000001;71;78.90000000000001
5717;2016-2017;541;96;71.09999999999999;76;89.40000000000001;49;54.4
9416;2016-2017;549;115;85.2;82;96.5;;
2067;2016-2017;527;90;66.7;37;43.5;;
7508;2015-2016;545;113;83.7;70;82.40000000000001;70;77.8
8728;2016-2017;545;115;85.2;69;81.2;51;56.7
8210;2016-2017;543;105;77.8;73;85.90000000000001;;
5956;2016-2017;545;106;78.5;79;92.90000000000001;53;58.9
6163;2016-2017;546;119;88.09999999999999;69;81.2;79;87.8
1975;2016-2017;522;71;52.6;41;48.2;43;47.8
5096;2016-2017;539;95;70.40000000000001;71;83.5;;
7208;2016-2017;540;105;77.8;65;76.5;68;75.59999999999999
3281;2016-2017;532;95;70.40000000000001;48;56.5;49;54.4
5650;2016-2017;538;103;76.3;61;71.8;60;66.7
780;2016-2017;510;51;37.8;24;28.2;;
7254;2015-2016;540;93;68.90000000000001;75;88.2;57;63.3
7943;2016-2017;550;130;96.3;82;96.5;86;95.59999999999999
9673;2016-2017;541;108;80;65;76.5;62;68.90000000000001
1326;2016-2017;526;91;67.40000000000001;33;38.8;40;44.4
8002;2016-2017;550;118;87.40000000000001;84;98.8;77;85.59999999999999
5086;2016-2017;543;115;85.2;64;75.3;63;70
8954;2016-2017;549;123;91.09999999999999;75;88.2;75;83.3
8974;2016-2017;550;126;93.3;81;95.3;67;74.40000000000001
7056;2015-2016;527;78;57.8;49;57.6;48;53.3
2880;2016-2017;537;105;77.8;56;65.90000000000001;;
5537;2016-2017;540;99;73.3;71;83.5;65;72.2
3222;2016-2017;541;110;81.5;63;74.09999999999999;69;76.7
5010;2015-2016;529;96;71.09999999999999;38;44.7;50;55.6
8541;2016-2017;542;107;79.3;70;82.40000000000001;66;73.3
7246;2015-2016;535;93;68.90000000000001;59;69.40000000000001;49;54.4
3513;2016-2017;533;99;73.3;49;57.6;;
6576;2016-2017;542;112;83;64;75.3;44;48.9
5295;2016-2017;535;105;77.8;48;56.5;54;60
2650;2016-2017;537;101;74.8;58;68.2;62;68.90000000000001
2398;2016-2017;525;82;60.7;41;48.2;51;56.7
9734;2015-2016;543;108;80;68;80;75;83.3
3396;2016-2017;541;104;77;68;80;63;70
3696;2016-2017;528;83;61.5;49;57.6;44;48.9
7995;2016-2017;550;127;94.09999999999999;84;98.8;;
2827;2016-2017;529;76;56.3;57;67.09999999999999;49;54.4
5194;2016-2017;540;103;76.3;65;76.5;;
6470;2016-2017;544;106;78.5;77;90.59999999999999;70;77.8
6085;2016-2017;536;106;78.5;50;58.8;;
517;2016-2017;524;77;57;43;50.6;47;52.2
7665;2016-2017;549;119;88.09999999999999;80;94.09999999999999;77;85.59999999999999
8656;2016-2017;543;107;79.3;72;84.7;;
8236;2016-2017;550;130;96.3;83;97.59999999999999;76;84.40000000000001
615;2016-2017;529;86;63.7;49;57.6;52;57.8
9714;2016-2017;530;90;66.7;48;56.5;;
9476;2015-2016;544;115;85.2;66;77.59999999999999;73;81.09999999999999
8149;2016-2017;550;130;96.3;79;92.90000000000001;78;86.7
8419;2016-2017;546;114;84.40000000000001;73;85.90000000000001;;
8684;2016-2017;550;121;89.59999999999999;80;94.09999999999999;76;84.40000000000001
5365;2016-2017;537;100;74.09999999999999;61;71.8;75;83.3
5920;2016-2017;543;100;74.09999999999999;78;91.8;;
3254;2016-2017;541;105;77.8;68;80;;
9261;2015-2016;545;116;85.90000000000001;66;77.59999999999999;69;76.7
6461;2016-2017;531;94;69.59999999999999;47;55.3;60;66.7
5864;2016-2017;537;101;74.8;58;68.2;55;61.1
7676;2016-2017;545;111;82.2;74;87.09999999999999;81;90
4022;2016-2017;543;111;82.2;68;80;51;56.7
9214;2016-2017;541;109;80.7;64;75.3;54;60
6016;2016-2017;539;109;80.7;58;68.2;61;67.8
7830;2016-2017;540;103;76.3;66;77.59999999999999;;
3673;2016-2017;531;74;54.8;66;77.59999999999999;;
3571;2016-2017;530;80;59.3;59;69.40000000000001;58;64.40000000000001
9692;2016-2017;548;112;83;84;98.8;65;72.2
3665;2016-2017;532;93;68.90000000000001;50;58.8;57;63.3
6908;2016-2017;542;117;86.7;59;69.40000000000001;58;64.40000000000001
7197;2015-2016;540;104;77;62;72.90000000000001;67;74.40000000000001
6026;2016-2017;544;107;79.3;75;88.2;;
7428;2015-2016;537;99;73.3;59;69.40000000000001;67;74.40000000000001
4881;2015-2016;539;106;78.5;58;68.2;62;68.90000000000001
8636;2016-2017;547;115;85.2;77;90.59999999999999;60;66.7
631;2016-2017;527;92;68.09999999999999;35;41.2;53;58.9
3922;2016-2017;535;104;77;48;56.5;55;61.1
8124;2016-2017;550;126;93.3;75;88.2;76;84.40000000000001
1261;2016-2017;510;39;28.9;35;41.2;47;52.2
1408;2016-2017;520;77;57;28;32.9;37;41.1
9610;2015-2016;549;117;86.7;80;94.09999999999999;68;75.59999999999999
538;2016-2017;517;56;41.5;39;45.9;45;50
5892;2016-2017;544;111;82.2;70;82.40000000000001;57;63.3
9582;2015-2016;545;109;80.7;75;88.2;78;86.7
6004;2016-2017;547;115;85.2;76;89.40000000000001;66;73.3
3813;2016-2017;534;104;77;47;55.3;53;58.9
985;2016-2017;534;89;65.90000000000001;62;72.90000000000001;34;37.8
5641;2016-2017;532;96;71.09999999999999;47;55.3;;
1837;2016-2017;529;73;54.1;61;71.8;53;58.9
6707;2016-2017;548;121;89.59999999999999;73;85.90000000000001;;
8073;2016-2017;550;126;93.3;82;96.5;78;86.7
8654;2016-2017;547;114;84.40000000000001;76;89.40000000000001;70;77.8
6272;2016-2017;538;99;73.3;63;74.09999999999999;64;71.09999999999999
5672;2016-2017;544;106;78.5;75;88.2;61;67.8
2793;2016-2017;536;87;64.40000000000001;69;81.2;46;51.1
6675;2016-2017;539;104;77;63;74.09999999999999;80;88.90000000000001
7306;2015-2016;543;112;83;66;77.59999999999999;70;77.8
3633;2016-2017;534;85;63;64;75.3;64;71.09999999999999
8503;2016-2017;545;112;83;72;84.7;;
7700;2016-2017;545;118;87.40000000000001;68;80;62;68.90000000000001
6678;2016-2017;534;87;64.40000000000001;63;74.09999999999999;;
6193;2016-2017;525;82;60.7;40;47.1;56;62.2
3320;2016-2017;531;87;64.40000000000001;55;64.7;47;52.2
782;2016-2017;510;48;35.6;25;29.4;;
9256;2016-2017;547;119;88.09999999999999;72;84.7;;
5361;2016-2017;537;105;77.8;55;64.7;67;74.40000000000001
7856;2016-2017;547;112;83;78;91.8;63;70
7022;2016-2017;533;85;63;63;74.09999999999999;;
6123;2016-2017;544;106;78.5;77;90.59999999999999;72;80
6432;2016-2017;538;97;71.90000000000001;66;77.59999999999999;65;72.2
9173;2016-2017;549;122;90.40000000000001;75;88.2;66;73.3
8508;2016-2017;549;118;87.40000000000001;80;94.09999999999999;71;78.90000000000001
7007;2016-2017;539;94;69.59999999999999;73;85.90000000000001;60;66.7
9450;2016-2017;548;115;85.2;79;92.90000000000001;;
2455;2016-2017;527;86;63.7;41;48.2;71;78.90000000000001
9163;2016-2017;549;121;89.59999999999999;77;90.59999999999999;64;71.09999999999999
4189;2016-2017;536;97;71.90000000000001;61;71.8;62;68.90000000000001
7141;2015-2016;535;98;72.59999999999999;55;64.7;71;78.90000000000001
8708;2016-2017;545;118;87.40000000000001;67;78.8;66;73.3
5373;2016-2017;543;106;78.5;72;84.7;53;58.9
9275;2016-2017;548;124;91.90000000000001;72;84.7;80;88.90000000000001
4071;2016-2017;537;91;67.40000000000001;68;80;72;80
9350;2016-2017;550;126;93.3;85;100;86;95.59999999999999
2165;2015-2016;523;70;51.9;44;51.8;;
7088;2015-2016;537;97;71.90000000000001;62;72.90000000000001;61;67.8
4575;2016-2017;529;84;62.2;51;60;47;52.2
8545;2016-2017;541;98;72.59999999999999;74;87.09999999999999;47;52.2
9340;2016-2017;542;100;74.09999999999999;77;90.59999999999999;68;75.59999999999999
9424;2015-2016;550;120;88.90000000000001;79;92.90000000000001;70;77.8
4934;2015-2016;541;101;74.8;70;82.40000000000001;56;62.2
800;2016-2017;520;74;54.8;33;38.8;67;74.40000000000001
8042;2016-2017;546;112;83;77;90.59999999999999;;
4924;2016-2017;526;88;65.2;37;43.5;50;55.6
2042;2015-2016;523;89;65.90000000000001;24;28.2;63;70
980;2016-2017;525;75;55.6;47;55.3;42;46.7
1687;2016-2017;521;66;48.9;44;51.8;40;44.4
1793;2016-2017;501;30;22.2;17;20;;
3505;2016-2017;537;97;71.90000000000001;62;72.90000000000001;;
2695;2016-2017;528;85;63;46;54.1;52;57.8
6092;2016-2017;534;100;74.09999999999999;50;58.8;;
6505;2016-2017;542;100;74.09999999999999;77;90.59999999999999;56;62.2
7446;2015-2016;546;114;84.40000000000001;73;85.90000000000001;66;73.3
7826;2016-2017;550;117;86.7;83;97.59999999999999;72;80
6003;2016-2017;535;92;68.09999999999999;62;72.90000000000001;56;62.2
2495;2016-2017;525;73;54.1;48;56.5;40;44.4
5934;2016-2017;541;107;79.3;64;75.3;;
4664;2016-2017;536;96;71.09999999999999;61;71.8;53;58.9
6914;2016-2017;546;108;80;80;94.09999999999999;63;70
3882;2016-2017;529;90;66.7;45;52.9;62;68.90000000000001
7051;2016-2017;540;97;71.90000000000001;73;85.90000000000001;65;72.2
9577;2015-2016;539;93;68.90000000000001;71;83.5;65;72.2
9292;2016-2017;550;126;93.3;75;88.2;72;80
6520;2016-2017;543;106;78.5;73;85.90000000000001;60;66.7
8735;2016-2017;550;124;91.90000000000001;78;91.8;75;83.3
83;2016-2017;536;85;63;72;84.7;57;63.3
5693;2016-2017;542;114;84.40000000000001;61;71.8;64;71.09999999999999
9184;2016-2017;547;111;82.2;82;96.5;76;84.40000000000001
2404;2016-2017;535;102;75.59999999999999;50;58.8;53;58.9
7697;2016-2017;548;115;85.2;79;92.90000000000001;;
2550;2016-2017;532;80;59.3;63;74.09999999999999;47;52.2
1525;2016-2017;524;83;61.5;35;41.2;;
7093;2015-2016;547;116;85.90000000000001;72;84.7;70;77.8
4303;2016-2017;539;98;72.59999999999999;68;80;;
2766;2016-2017;533;91;67.40000000000001;57;67.09999999999999;;
1109;2016-2017;520;74;54.8;32;37.6;51;56.7
4287;2016-2017;529;85;63;48;56.5;44;48.9
8996;2016-2017;539;108;80;57;67.09999999999999;51;56.7
8899;2016-2017;534;103;76.3;48;56.5;49;54.4
4012;2016-2017;535;97;71.90000000000001;55;64.7;68;75.59999999999999
872;2016-2017;521;72;53.3;37;43.5;62;68.90000000000001
9546;2016-2017;537;91;67.40000000000001;70;82.40000000000001;75;83.3
8743;2016-2017;546;113;83.7;74;87.09999999999999;75;83.3
18;2016-2017;534;85;63;66;77.59999999999999;33;36.7
6276;2016-2017;535;96;71.09999999999999;58;68.2;57;63.3
1808;2016-2017;534;91;67.40000000000001;58;68.2;;
8568;2016-2017;544;111;82.2;70;82.40000000000001;61;67.8
1876;2016-2017;543;106;78.5;73;85.90000000000001;48;53.3
9706;2016-2017;541;102;75.59999999999999;70;82.40000000000001;65;72.2
4390;2015-2016;534;88;65.2;60;70.59999999999999;59;65.59999999999999
9443;2015-2016;545;114;84.40000000000001;69;81.2;69;76.7
5251;2016-2017;532;80;59.3;63;74.09999999999999;;
8555;2016-2017;544;111;82.2;72;84.7;70;77.8
4661;2016-2017;537;103;76.3;58;68.2;49;54.4
9562;2015-2016;548;118;87.40000000000001;74;87.09999999999999;66;73.3
4536;2015-2016;535;96;71.09999999999999;56;65.90000000000001;49;54.4
5121;2016-2017;540;99;73.3;70;82.40000000000001;74;82.2
8248;2016-2017;550;125;92.59999999999999;79;92.90000000000001;67;74.40000000000001
3176;2016-2017;532;93;68.90000000000001;50;58.8;57;63.3
6229;2016-2017;544;106;78.5;76;89.40000000000001;;
656;2016-2017;531;86;63.7;56;65.90000000000001;;
5848;2016-2017;535;95;70.40000000000001;59;69.40000000000001;;
1530;2016-2017;524;79;58.5;38;44.7;52;57.8
6182;2016-2017;540;102;75.59999999999999;67;78.8;65;72.2
1763;2015-2016;521;69;51.1;40;47.1;;
6781;2016-2017;543;116;85.90000000000001;62;72.90000000000001;;
4616;2016-2017;536;99;73.3;56;65.90000000000001;64;71.09999999999999
9737;2015-2016;543;107;79.3;70;82.40000000000001;65;72.2
8870;2016-2017;542;124;91.90000000000001;50;58.8;67;74.40000000000001
482;2016-2017;540;96;71.09999999999999;74;87.09999999999999;53;58.9
7238;2015-2016;541;103;76.3;68;80;71;78.90000000000001
7742;2016-2017;539;111;82.2;54;63.5;;
6573;2016-2017;545;117;86.7;68;80;69;76.7
5936;2016-2017;543;122;90.40000000000001;57;67.09999999999999;59;65.59999999999999
5502;2016-2017;535;100;74.09999999999999;52;61.2;53;58.9
200;2016-2017;527;92;68.09999999999999;37;43.5;44;48.9
7865;2016-2017;548;119;88.09999999999999;76;89.40000000000001;67;74.40000000000001
7789;2016-2017;542;102;75.59999999999999;73;85.90000000000001;60;66.7
9274;2016-2017;550;124;91.90000000000001;78;91.8;;
3503;2016-2017;531;88;65.2;52;61.2;66;73.3
9570;2015-2016;543;110;81.5;66;77.59999999999999;;
1638;2016-2017;528;93;68.90000000000001;39;45.9;41;45.6
8106;2016-2017;544;110;81.5;72;84.7;74;82.2
8638;2016-2017;546;108;80;80;94.09999999999999;75;83.3
3030;2016-2017;535;83;61.5;69;81.2;60;66.7
6825;2016-2017;536;99;73.3;59;69.40000000000001;61;67.8
2977;2016-2017;530;86;63.7;51;60;;
5125;2016-2017;537;103;76.3;57;67.09999999999999;61;67.8
5973;2016-2017;538;85;63;78;91.8;60;66.7
7363;2015-2016;545;114;84.40000000000001;69;81.2;77;85.59999999999999
7882;2016-2017;543;108;80;70;82.40000000000001;66;73.3
8844;2016-2017;550;121;89.59999999999999;82;96.5;79;87.8
4543;2016-2017;531;89;65.90000000000001;51;60;52;57.8
9668;2016-2017;550;132;97.8;73;85.90000000000001;68;75.59999999999999
4424;2016-2017;523;72;53.3;42;49.4;48;53.3
2777;2016-2017;529;89;65.90000000000001;44;51.8;68;75.59999999999999
9512;2016-2017;544;111;82.2;72;84.7;62;68.90000000000001
5536;2016-2017;546;115;85.2;72;84.7;;
9115;2016-2017;543;105;77.8;73;85.90000000000001;61;67.8
3841;2016-2017;531;91;67.40000000000001;49;57.6;;
341;2016-2017;532;94;69.59999999999999;51;60;55;61.1
594;2016-2017;536;86;63.7;71;83.5;37;41.1
2351;2016-2017;545;109;80.7;75;88.2;71;78.90000000000001
5138;2016-2017;542;102;75.59999999999999;72;84.7;54;60
8845;2016-2017;548;118;87.40000000000001;77;90.59999999999999;80;88.90000000000001
8032;2016-2017;550;123;91.09999999999999;83;97.59999999999999;;
9449;2016-2017;546;124;91.90000000000001;64;75.3;70;77.8
8203;2016-2017;548;113;83.7;82;96.5;75;83.3
8550;2016-2017;550;117;86.7;83;97.59999999999999;66;73.3
7639;2016-2017;537;100;74.09999999999999;59;69.40000000000001;61;67.8
7966;2016-2017;543;102;75.59999999999999;77;90.59999999999999;69;76.7
9542;2015-2016;541;108;80;64;75.3;61;67.8
9067;2016-2017;542;107;79.3;67;78.8;63;70
5205;2016-2017;546;105;77.8;82;96.5;63;70
7440;2015-2016;535;94;69.59999999999999;57;67.09999999999999;56;62.2
9301;2015-2016;538;104;77;56;65.90000000000001;72;80
3593;2016-2017;533;92;68.09999999999999;54;63.5;61;67.8
2635;2016-2017;540;108;80;60;70.59999999999999;66;73.3
8256;2015-2016;541;102;75.59999999999999;67;78.8;65;72.2
5501;2016-2017;537;96;71.09999999999999;63;74.09999999999999;64;71.09999999999999
2422;2016-2017;543;112;83;68;80;66;73.3
8646;2016-2017;547;116;85.90000000000001;77;90.59999999999999;64;71.09999999999999
1304;2016-2017;522;78;57.8;34;40;41;45.6
2459;2016-2017;518;66;48.9;34;40;;
4954;2015-2016;538;102;75.59999999999999;59;69.40000000000001;53;58.9
1475;2016-2017;533;89;65.90000000000001;58;68.2;55;61.1
7977;2016-2017;545;110;81.5;76;89.40000000000001;76;84.40000000000001
1690;2016-2017;525;75;55.6;48;56.5;;
3587;2016-2017;519;71;52.6;30;35.3;37;41.1
5984;2016-2017;542;95;70.40000000000001;82;96.5;81;90
499;2016-2017;521;65;48.1;45;52.9;;
3731;2016-2017;543;107;79.3;71;83.5;74;82.2
4663;2016-2017;521;85;63;25;29.4;68;75.59999999999999
6346;2016-2017;536;92;68.09999999999999;63;74.09999999999999;68;75.59999999999999
5732;2016-2017;532;95;70.40000000000001;48;56.5;66;73.3
7089;2016-2017;537;100;74.09999999999999;61;71.8;;
1960;2015-2016;532;80;59.3;63;74.09999999999999;51;56.7
7734;2016-2017;546;113;83.7;76;89.40000000000001;64;71.09999999999999
2373;2016-2017;531;97;71.90000000000001;45;52.9;56;62.2
916;2016-2017;524;73;54.1;47;55.3;40;44.4
9732;2016-2017;546;115;85.2;74;87.09999999999999;;
4417;2015-2016;543;111;82.2;65;76.5;66;73.3
8344;2016-2017;543;100;74.09999999999999;78;91.8;;
3362;2016-2017;542;105;77.8;69;81.2;58;64.40000000000001
3847;2016-2017;539;107;79.3;58;68.2;60;66.7
1587;2016-2017;533;98;72.59999999999999;49;57.6;65;72.2
4393;2015-2016;533;103;76.3;43;50.6;51;56.7
7094;2016-2017;539;103;76.3;64;75.3;54;60
6010;2016-2017;521;73;54.1;37;43.5;46;51.1
5564;2016-2017;544;113;83.7;69;81.2;64;71.09999999999999
8257;2016-2017;541;91;67.40000000000001;82;96.5;64;71.09999999999999
1473;2016-2017;529;88;65.2;47;55.3;57;63.3
6352;2016-2017;542;108;80;68;80;83;92.2
3172;2016-2017;528;80;59.3;50;58.8;66;73.3
8250;2016-2017;546;118;87.40000000000001;71;83.5;82;91.09999999999999
9317;2016-2017;550;127;94.09999999999999;80;94.09999999999999;79;87.8
4434;2016-2017;535;86;63.7;67;78.8;49;54.4
6934;2016-2017;539;103;76.3;62;72.90000000000001;;
1379;2016-2017;527;79;58.5;50;58.8;43;47.8
8627;2016-2017;539;100;74.09999999999999;65;76.5;65;72.2
4489;2016-2017;514;69;51.1;18;21.2;42;46.7
7552;2016-2017;535;83;61.5;69;81.2;37;41.1
7956;2016-2017;543;102;75.59999999999999;77;90.59999999999999;62;68.90000000000001
5789;2016-2017;540;105;77.8;65;76.5;69;76.7
376;2016-2017;526;96;71.09999999999999;29;34.1;45;50
6034;2016-2017;534;97;71.90000000000001;53;62.4;48;53.3
8818;2016-2017;546;112;83;77;90.59999999999999;64;71.09999999999999
9277;2016-2017;549;119;88.09999999999999;80;94.09999999999999;72;80
6301;2016-2017;540;99;73.3;71;83.5;65;72.2
7947;2016-2017;550;122;90.40000000000001;82;96.5;72;80
5606;2016-2017;539;111;82.2;55;64.7;;
5428;2016-2017;545;118;87.40000000000001;66;77.59999999999999;66;73.3
5367;2016-2017;539;95;70.40000000000001;72;84.7;37;41.1
8817;2016-2017;546;113;83.7;75;88.2;77;85.59999999999999
9045;2016-2017;546;115;85.2;72;84.7;57;63.3
2437;2016-2017;536;97;71.90000000000001;58;68.2;;
5826;2016-2017;545;113;83.7;73;85.90000000000001;64;71.09999999999999
9726;2016-2017;530;91;67.40000000000001;46;54.1;61;67.8
3220;2016-2017;530;80;59.3;56;65.90000000000001;;
2932;2016-2017;530;81;60;57;67.09999999999999;;
2761;2016-2017;522;67;49.6;45;52.9;56;62.2
6294;2016-2017;541;104;77;68;80;64;71.09999999999999
8487;2016-2017;548;123;91.09999999999999;71;83.5;72;80
8956;2016-2017;549;120;88.90000000000001;79;92.90000000000001;57;63.3
9550;2015-2016;538;102;75.59999999999999;60;70.59999999999999;74;82.2
3260;2016-2017;537;95;70.40000000000001;64;75.3;73;81.09999999999999
5446;2016-2017;542;110;81.5;67;78.8;67;74.40000000000001
7998;2016-2017;542;111;82.2;65;76.5;;
8416;2016-2017;549;123;91.09999999999999;74;87.09999999999999;;
3071;2016-2017;516;61;45.2;33;38.8;45;50
6629;2016-2017;538;98;72.59999999999999;66;77.59999999999999;53;58.9
652;2016-2017;530;89;65.90000000000001;50;58.8;54;60
3225;2016-2017;523;81;60;34;40;57;63.3
1657;2016-2017;530;90;66.7;46;54.1;;
6098;2016-2017;539;108;80;59;69.40000000000001;76;84.40000000000001
6359;2016-2017;532;87;64.40000000000001;57;67.09999999999999;58;64.40000000000001
5521;2016-2017;534;94;69.59999999999999;55;64.7;62;68.90000000000001
5292;2016-2017;537;98;72.59999999999999;62;72.90000000000001;73;81.09999999999999
5945;2016-2017;535;97;71.90000000000001;56;65.90000000000001;;
6050;2016-2017;542;103;76.3;71;83.5;58;64.40000000000001
9095;2016-2017;548;121;89.59999999999999;75;88.2;52;57.8
9204;2016-2017;546;123;91.09999999999999;66;77.59999999999999;61;67.8
326;2016-2017;531;85;63;55;64.7;;
5614;2016-2017;535;94;69.59999999999999;59;69.40000000000001;53;58.9
6739;2016-2017;541;106;78.5;67;78.8;61;67.8
6115;2016-2017;550;127;94.09999999999999;75;88.2;;
4655;2015-2016;531;83;61.5;55;64.7;56;62.2
2570;2016-2017;537;93;68.90000000000001;67;78.8;61;67.8
9009;2016-2017;547;117;86.7;74;87.09999999999999;75;83.3
9708;2016-2017;548;119;88.09999999999999;77;90.59999999999999;69;76.7
5652;2016-2017;543;108;80;70;82.40000000000001;47;52.2
7764;2016-2017;550;119;88.09999999999999;82;96.5;62;68.90000000000001
6720;2016-2017;543;113;83.7;67;78.8;71;78.90000000000001
4208;2016-2017;536;98;72.59999999999999;58;68.2;;
1510;2016-2017;525;86;63.7;37;43.5;40;44.4
946;2016-2017;539;113;83.7;54;63.5;;
1042;2016-2017;529;91;67.40000000000001;42;49.4;;
4996;2015-2016;535;98;72.59999999999999;52;61.2;49;54.4
3705;2016-2017;527;72;53.3;55;64.7;40;44.4
9686;2016-2017;550;125;92.59999999999999;78;91.8;75;83.3
8283;2016-2017;550;124;91.90000000000001;79;92.90000000000001;71;78.90000000000001
5386;2016-2017;537;111;82.2;48;56.5;69;76.7
7280;2015-2016;539;95;70.40000000000001;68;80;46;51.1
8171;2016-2017;543;114;84.40000000000001;64;75.3;71;78.90000000000001
7623;2016-2017;539;94;69.59999999999999;73;85.90000000000001;;
8330;2016-2017;550;128;94.8;77;90.59999999999999;70;77.8
1031;2016-2017;524;76;56.3;43;50.6;35;38.9
1320;2016-2017;536;83;61.5;73;85.90000000000001;41;45.6
332;2016-2017;523;84;62.2;32;37.6;46;51.1
7117;2015-2016;547;119;88.09999999999999;69;81.2;64;71.09999999999999
6121;2016-2017;550;123;91.09999999999999;77;90.59999999999999;69;76.7
3397;2016-2017;535;94;69.59999999999999;58;68.2;54;60
2901;2016-2017;535;97;71.90000000000001;57;67.09999999999999;;
6189;2016-2017;542;100;74.09999999999999;74;87.09999999999999;65;72.2
7221;2016-2017;547;121;89.59999999999999;70;82.40000000000001;75;83.3
6006;2016-2017;549;118;87.40000000000001;81;95.3;64;71.09999999999999
6726;2016-2017;546;112;83;76;89.40000000000001;;
2465;2016-2017;535;90;66.7;64;75.3;;
9084;2016-2017;546;113;83.7;76;89.40000000000001;72;80
485;2016-2017;532;96;71.09999999999999;48;56.5;;
6995;2016-2017;542;110;81.5;65;76.5;;
5901;2016-2017;541;99;73.3;74;87.09999999999999;64;71.09999999999999
901;2016-2017;514;70;51.9;18;21.2;41;45.6
313;2016-2017;519;81;60;20;23.5;40;44.4
9697;2016-2017;531;86;63.7;55;64.7;35;38.9
5369;2016-2017;547;119;88.09999999999999;74;87.09999999999999;71;78.90000000000001
5480;2016-2017;543;107;79.3;71;83.5;65;72.2
7001;2016-2017;538;90;66.7;74;87.09999999999999;76;84.40000000000001
2917;2016-2017;536;101;74.8;55;64.7;56;62.2
4658;2016-2017;523;73;54.1;42;49.4;55;61.1
9595;2016-2017;550;128;94.8;81;95.3;51;56.7
8366;2016-2017;541;106;78.5;66;77.59999999999999;73;81.09999999999999
9197;2016-2017;544;110;81.5;73;85.90000000000001;61;67.8
4782;2016-2017;534;95;70.40000000000001;56;65.90000000000001;;
4986;2015-2016;529;92;68.09999999999999;41;48.2;58;64.40000000000001
3122;2016-2017;536;106;78.5;49;57.6;;
7619;2016-2017;547;126;93.3;65;76.5;67;74.40000000000001
2306;2015-2016;523;57;42.2;58;68.2;29;32.2
5016;2016-2017;533;75;55.6;73;85.90000000000001;52;57.8
8762;2016-2017;544;119;88.09999999999999;63;74.09999999999999;76;84.40000000000001
9230;2016-2017;543;108;80;72;84.7;66;73.3
7277;2016-2017;526;76;56.3;50;58.8;;
5432;2016-2017;539;103;76.3;64;75.3;56;62.2
7268;2016-2017;539;97;71.90000000000001;68;80;67;74.40000000000001
7849;2016-2017;546;113;83.7;74;87.09999999999999;72;80
5009;2015-2016;522;79;58.5;32;37.6;37;41.1
1590;2016-2017;518;62;45.9;36;42.4;51;56.7
179;2016-2017;530;84;62.2;54;63.5;59;65.59999999999999
5271;2016-2017;543;109;80.7;69;81.2;65;72.2
4793;2016-2017;524;74;54.8;46;54.1;60;66.7
7892;2016-2017;548;117;86.7;79;92.90000000000001;;
1353;2015-2016;523;85;63;30;35.3;;
850;2016-2017;531;85;63;55;64.7;68;75.59999999999999
3215;2016-2017;530;86;63.7;50;58.8;;
4365;2015-2016;542;111;82.2;64;75.3;70;77.8
356;2016-2017;530;78;57.8;60;70.59999999999999;60;66.7
994;2016-2017;529;72;53.3;63;74.09999999999999;56;62.2
7043;2016-2017;541;102;75.59999999999999;69;81.2;57;63.3
2546;2016-2017;529;85;63;48;56.5;37;41.1
1044;2016-2017;533;92;68.09999999999999;55;64.7;46;51.1
6155;2016-2017;547;118;87.40000000000001;73;85.90000000000001;50;55.6
6607;2016-2017;546;121;89.59999999999999;67;78.8;62;68.90000000000001
4217;2016-2017;537;96;71.09999999999999;63;74.09999999999999;50;55.6
6025;2016-2017;535;98;72.59999999999999;54;63.5;48;53.3
6851;2016-2017;524;71;52.6;46;54.1;43;47.8
7273;2015-2016;529;87;64.40000000000001;47;55.3;74;82.2
4223;2016-2017;530;94;69.59999999999999;45;52.9;66;73.3
9506;2016-2017;543;110;81.5;68;80;;
7504;2015-2016;538;97;71.90000000000001;64;75.3;;
2765;2016-2017;534;97;71.90000000000001;53;62.4;54;60
36;2016-2017;522;73;54.1;38;44.7;42;46.7
502;2016-2017;528;85;63;47;55.3;53;58.9
638;2016-2017;526;78;57.8;46;54.1;43;47.8
4350;2016-2017;511;60;44.4;17;20;54;60
1249;2015-2016;512;64;47.4;14;16.5;42;46.7
566;2016-2017;536;105;77.8;53;62.4;41;45.6
7754;2016-2017;546;120;88.90000000000001;69;81.2;61;67.8
9671;2016-2017;539;100;74.09999999999999;66;77.59999999999999;52;57.8
8729;2016-2017;550;128;94.8;79;92.90000000000001;84;93.3
1799;2016-2017;520;68;50.4;37;43.5;43;47.8
5925;2016-2017;538;86;63.7;78;91.8;60;66.7
4568;2015-2016;533;94;69.59999999999999;52;61.2;49;54.4
3363;2016-2017;526;76;56.3;50;58.8;57;63.3
7125;2016-2017;529;87;64.40000000000001;48;56.5;66;73.3
9718;2016-2017;546;122;90.40000000000001;66;77.59999999999999;;
5833;2016-2017;536;92;68.09999999999999;65;76.5;65;72.2
3209;2016-2017;546;117;86.7;70;82.40000000000001;60;66.7
8920;2016-2017;544;120;88.90000000000001;61;71.8;85;94.40000000000001
3325;2016-2017;528;82;60.7;48;56.5;50;55.6
7801;2016-2017;550;131;97;78;91.8;77;85.59999999999999
2904;2016-2017;533;102;75.59999999999999;45;52.9;56;62.2
6305;2016-2017;547;119;88.09999999999999;72;84.7;69;76.7
4629;2015-2016;526;80;59.3;43;50.6;52;57.8
8025;2016-2017;550;128;94.8;82;96.5;82;91.09999999999999
8154;2016-2017;540;104;77;66;77.59999999999999;56;62.2
9364;2016-2017;542;104;77;73;85.90000000000001;65;72.2
4209;2016-2017;532;84;62.2;60;70.59999999999999;55;61.1
6523;2016-2017;541;108;80;65;76.5;68;75.59999999999999
5558;2016-2017;541;102;75.59999999999999;69;81.2;51;56.7
3404;2016-2017;531;99;73.3;43;50.6;57;63.3
6891;2016-2017;537;94;69.59999999999999;67;78.8;65;72.2
3029;2016-2017;528;78;57.8;52;61.2;55;61.1
8027;2016-2017;546;115;85.2;72;84.7;66;73.3
6876;2016-2017;536;105;77.8;53;62.4;64;71.09999999999999
4327;2015-2016;532;95;70.40000000000001;47;55.3;;
3022;2016-2017;536;105;77.8;51;60;63;70
8960;2016-2017;547;112;83;78;91.8;62;68.90000000000001
5300;2016-2017;543;103;76.3;77;90.59999999999999;48;53.3
4867;2015-2016;539;106;78.5;57;67.09999999999999;68;75.59999999999999
7806;2016-2017;546;115;85.2;72;84.7;75;83.3
3794;2016-2017;538;94;69.59999999999999;70;82.40000000000001;;
8523;2016-2017;544;111;82.2;72;84.7;81;90
4199;2016-2017;521;71;52.6;38;44.7;46;51.1
4176;2016-2017;535;92;68.09999999999999;62;72.90000000000001;68;75.59999999999999
5580;2015-2016;543;104;77;74;87.09999999999999;66;73.3
3483;2016-2017;540;107;79.3;62;72.90000000000001;68;75.59999999999999
227;2016-2017;530;78;57.8;61;71.8;39;43.3
8074;2016-2017;549;118;87.40000000000001;81;95.3;54;60
3879;2016-2017;525;74;54.8;48;56.5;44;48.9
6348;2016-2017;539;103;76.3;62;72.90000000000001;49;54.4
9392;2016-2017;542;99;73.3;76;89.40000000000001;57;63.3
3707;2016-2017;536;102;75.59999999999999;54;63.5;;
856;2016-2017;521;75;55.6;33;38.8;52;57.8
4144;2016-2017;535;102;75.59999999999999;52;61.2;74;82.2
6637;2016-2017;545;110;81.5;75;88.2;;
8980;2016-2017;538;100;74.09999999999999;64;75.3;71;78.90000000000001
9285;2016-2017;548;117;86.7;78;91.8;66;73.3
7592;2016-2017;535;105;77.8;48;56.5;;
5911;2016-2017;523;69;51.1;47;55.3;;
6386;2016-2017;539;106;78.5;60;70.59999999999999;62;68.90000000000001
4737;2016-2017;525;84;62.2;39;45.9;61;67.8
7052;2016-2017;540;109;80.7;59;69.40000000000001;;
9203;2016-2017;550;122;90.40000000000001;84;98.8;59;65.59999999999999
3214;2016-2017;532;93;68.90000000000001;52;61.2;55;61.1
925;2016-2017;519;78;57.8;25;29.4;39;43.3
7802;2016-2017;550;128;94.8;73;85.90000000000001;77;85.59999999999999
6183;2016-2017;533;99;73.3;49;57.6;;
9408;2016-2017;542;102;75.59999999999999;74;87.09999999999999;74;82.2
9728;2016-2017;546;120;88.90000000000001;68;80;;
7817;2016-2017;550;126;93.3;81;95.3;82;91.09999999999999
4746;2016-2017;538;100;74.09999999999999;63;74.09999999999999;;
5004;2016-2017;532;97;71.90000000000001;47;55.3;51;56.7
7858;2016-2017;540;99;73.3;70;82.40000000000001;69;76.7
4797;2015-2016;536;101;74.8;54;63.5;66;73.3
1211;2016-2017;525;83;61.5;38;44.7;47;52.2
7359;2015-2016;538;98;72.59999999999999;63;74.09999999999999;67;74.40000000000001
3489;2016-2017;538;100;74.09999999999999;62;72.90000000000001;;
9099;2016-2017;547;122;90.40000000000001;68;80;;
3485;2016-2017;538;100;74.09999999999999;63;74.09999999999999;;
11;2016-2017;533;89;65.90000000000001;57;67.09999999999999;56;62.2
5304;2016-2017;532;94;69.59999999999999;49;57.6;55;61.1
9675;2016-2017;550;118;87.40000000000001;83;97.59999999999999;;
7898;2016-2017;544;119;88.09999999999999;62;72.90000000000001;;
7192;2015-2016;538;97;71.90000000000001;64;75.3;;
9475;2016-2017;548;118;87.40000000000001;78;91.8;73;81.09999999999999
8801;2016-2017;539;99;73.3;67;78.8;87;96.7
4582;2015-2016;525;74;54.8;46;54.1;;
7092;2016-2017;544;116;85.90000000000001;65;76.5;68;75.59999999999999
8313;2016-2017;550;122;90.40000000000001;79;92.90000000000001;83;92.2
7959;2016-2017;540;107;79.3;61;71.8;68;75.59999999999999
9607;2015-2016;550;115;85.2;83;97.59999999999999;64;71.09999999999999
2722;2016-2017;533;95;70.40000000000001;51;60;;
6884;2016-2017;538;101;74.8;63;74.09999999999999;;
2389;2016-2017;542;108;80;69;81.2;69;76.7
9723;2016-2017;548;123;91.09999999999999;73;85.90000000000001;74;82.2
4650;2016-2017;530;84;62.2;53;62.4;51;56.7
5069;2015-2016;522;74;54.8;37;43.5;;
6100;2016-2017;531;89;65.90000000000001;52;61.2;62;68.90000000000001
2896;2016-2017;530;97;71.90000000000001;39;45.9;58;64.40000000000001
3448;2016-2017;529;94;69.59999999999999;40;47.1;53;58.9
9633;2015-2016;550;122;90.40000000000001;79;92.90000000000001;61;67.8
4211;2016-2017;539;108;80;59;69.40000000000001;;
3982;2016-2017;523;75;55.6;39;45.9;35;38.9
2681;2016-2017;532;87;64.40000000000001;58;68.2;40;44.4
9701;2016-2017;536;100;74.09999999999999;58;68.2;63;70
8686;2016-2017;543;105;77.8;75;88.2;66;73.3
9427;2016-2017;550;123;91.09999999999999;78;91.8;64;71.09999999999999
9289;2016-2017;547;118;87.40000000000001;75;88.2;76;84.40000000000001
2140;2015-2016;518;69;51.1;30;35.3;29;32.2
6392;2016-2017;535;94;69.59999999999999;58;68.2;58;64.40000000000001
3809;2016-2017;539;100;74.09999999999999;67;78.8;62;68.90000000000001
8738;2016-2017;550;125;92.59999999999999;84;98.8;64;71.09999999999999
2987;2016-2017;545;119;88.09999999999999;67;78.8;63;70
7883;2016-2017;545;107;79.3;78;91.8;69;76.7
1009;2016-2017;536;98;72.59999999999999;58;68.2;51;56.7
4849;2016-2017;518;67;49.6;31;36.5;;
4063;2016-2017;530;88;65.2;49;57.6;66;73.3
2458;2016-2017;533;92;68.09999999999999;56;65.90000000000001;52;57.8
9565;2016-2017;547;118;87.40000000000001;75;88.2;75;83.3
4828;2016-2017;538;109;80.7;53;62.4;52;57.8
6064;2016-2017;542;112;83;64;75.3;;
5867;2016-2017;535;84;62.2;70;82.40000000000001;53;58.9
3357;2016-2017;530;98;72.59999999999999;38;44.7;49;54.4
4974;2015-2016;534;89;65.90000000000001;60;70.59999999999999;55;61.1
7188;2015-2016;534;102;75.59999999999999;47;55.3;55;61.1
551;2016-2017;528;88;65.2;43;50.6;41;45.6
753;2016-2017;532;94;69.59999999999999;51;60;48;53.3
6086;2016-2017;536;98;72.59999999999999;60;70.59999999999999;56;62.2
2103;2016-2017;521;83;61.5;27;31.8;37;41.1
1635;2016-2017;527;83;61.5;46;54.1;59;65.59999999999999
8038;2016-2017;548;117;86.7;78;91.8;;
357;2016-2017;525;75;55.6;48;56.5;49;54.4
5781;2016-2017;545;114;84.40000000000001;70;82.40000000000001;;
698;2016-2017;528;89;65.90000000000001;42;49.4;;
1295;2016-2017;525;78;57.8;43;50.6;57;63.3
2997;2016-2017;530;81;60;55;64.7;50;55.6
9581;2015-2016;545;117;86.7;67;78.8;68;75.59999999999999
7820;2016-2017;549;125;92.59999999999999;74;87.09999999999999;75;83.3
8399;2016-2017;550;127;94.09999999999999;82;96.5;78;86.7
8940;2016-2017;548;118;87.40000000000001;78;91.8;81;90
825;2016-2017;529;82;60.7;53;62.4;53;58.9
5876;2016-2017;531;91;67.40000000000001;50;58.8;;
7095;2016-2017;537;99;73.3;62;72.90000000000001;77;85.59999999999999
9377;2016-2017;547;113;83.7;79;92.90000000000001;68;75.59999999999999
3911;2016-2017;526;76;56.3;48;56.5;46;51.1
4610;2016-2017;535;90;66.7;62;72.90000000000001;;
4542;2016-2017;534;95;70.40000000000001;56;65.90000000000001;52;57.8
6833;2016-2017;532;85;63;58;68.2;55;61.1
7132;2016-2017;547;113;83.7;78;91.8;63;70
1327;2016-2017;519;75;55.6;29;34.1;59;65.59999999999999
7798;2016-2017;536;100;74.09999999999999;58;68.2;;
7823;2016-2017;550;125;92.59999999999999;79;92.90000000000001;74;82.2
7497;2015-2016;547;117;86.7;71;83.5;78;86.7
8944;2016-2017;549;120;88.90000000000001;79;92.90000000000001;75;83.3
5519;2016-2017;527;84;62.2;44;51.8;65;72.2
7227;2016-2017;545;107;79.3;77;90.59999999999999;;
8492;2016-2017;549;121;89.59999999999999;78;91.8;60;66.7
9018;2016-2017;547;115;85.2;77;90.59999999999999;58;64.40000000000001
4282;2016-2017;530;80;59.3;57;67.09999999999999;57;63.3
9628;2015-2016;547;115;85.2;73;85.90000000000001;;
8561;2016-2017;545;110;81.5;75;88.2;72;80
2004;2016-2017;517;60;44.4;35;41.2;56;62.2
9404;2016-2017;546;108;80;79;92.90000000000001;73;81.09999999999999
7967;2016-2017;539;102;75.59999999999999;65;76.5;56;62.2
7908;2016-2017;545;109;80.7;75;88.2;61;67.8
7915;2016-2017;547;110;81.5;81;95.3;65;72.2
7822;2016-2017;546;120;88.90000000000001;68;80;;
4466;2016-2017;530;93;68.90000000000001;44;51.8;;
5977;2016-2017;544;110;81.5;71;83.5;;
4773;2015-2016;542;107;79.3;66;77.59999999999999;;
9047;2016-2017;550;125;92.59999999999999;78;91.8;;
1015;2016-2017;532;93;68.90000000000001;51;60;;
7244;2015-2016;528;65;48.1;64;75.3;;
7439;2015-2016;549;120;88.90000000000001;76;89.40000000000001;76;84.40000000000001
6417;2016-2017;543;114;84.40000000000001;65;76.5;76;84.40000000000001
1356;2016-2017;526;83;61.5;41;48.2;48;53.3
3589;2016-2017;521;69;51.1;40;47.1;62;68.90000000000001
6482;2016-2017;542;104;77;71;83.5;65;72.2
9705;2016-2017;550;123;91.09999999999999;79;92.90000000000001;75;83.3
8107;2016-2017;536;99;73.3;59;69.40000000000001;63;70
5999;2016-2017;536;91;67.40000000000001;65;76.5;69;76.7
6186;2016-2017;537;97;71.90000000000001;62;72.90000000000001;;
5094;2016-2017;543;111;82.2;69;81.2;71;78.90000000000001
273;2016-2017;526;82;60.7;44;51.8;;
4363;2015-2016;539;101;74.8;64;75.3;69;76.7
4626;2015-2016;538;94;69.59999999999999;66;77.59999999999999;53;58.9
8022;2016-2017;550;127;94.09999999999999;83;97.59999999999999;63;70
8196;2016-2017;549;117;86.7;82;96.5;73;81.09999999999999
8476;2016-2017;550;121;89.59999999999999;84;98.8;79;87.8
5320;2016-2017;538;112;83;51;60;71;78.90000000000001
191;2016-2017;531;88;65.2;53;62.4;62;68.90000000000001
9405;2016-2017;548;124;91.90000000000001;71;83.5;;
9082;2016-2017;545;109;80.7;77;90.59999999999999;78;86.7
3534;2016-2017;522;78;57.8;35;41.2;50;55.6
3585;2016-2017;541;106;78.5;67;78.8;48;53.3
7624;2016-2017;544;113;83.7;70;82.40000000000001;61;67.8
2573;2016-2017;531;90;66.7;52;61.2;44;48.9
7663;2016-2017;550;123;91.09999999999999;82;96.5;75;83.3
5863;2016-2017;543;107;79.3;71;83.5;70;77.8
8291;2016-2017;544;107;79.3;76;89.40000000000001;65;72.2
121;2016-2017;538;100;74.09999999999999;64;75.3;;
4740;2015-2016;526;91;67.40000000000001;32;37.6;;
7499;2015-2016;541;106;78.5;65;76.5;64;71.09999999999999
8120;2016-2017;535;95;70.40000000000001;59;69.40000000000001;67;74.40000000000001
4912;2015-2016;535;98;72.59999999999999;53;62.4;;
4553;2016-2017;530;97;71.90000000000001;42;49.4;54;60
6631;2016-2017;539;108;80;57;67.09999999999999;52;57.8
2691;2016-2017;542;111;82.2;64;75.3;52;57.8
248;2016-2017;522;88;65.2;25;29.4;25;27.8
2530;2016-2017;537;94;69.59999999999999;65;76.5;63;70
847;2016-2017;522;76;56.3;35;41.2;39;43.3
2618;2016-2017;534;83;61.5;67;78.8;;
5495;2016-2017;544;114;84.40000000000001;69;81.2;58;64.40000000000001
7013;2016-2017;537;91;67.40000000000001;69;81.2;69;76.7
4727;2016-2017;532;88;65.2;55;64.7;72;80
4901;2016-2017;534;97;71.90000000000001;53;62.4;53;58.9
678;2016-2017;530;81;60;57;67.09999999999999;67;74.40000000000001
8490;2016-2017;550;131;97;78;91.8;76;84.40000000000001
2729;2016-2017;535;91;67.40000000000001;63;74.09999999999999;64;71.09999999999999
9038;2016-2017;547;118;87.40000000000001;73;85.90000000000001;77;85.59999999999999
6347;2016-2017;540;101;74.8;68;80;;
6558;2016-2017;544;115;85.2;67;78.8;57;63.3
6613;2016-2017;539;102;75.59999999999999;64;75.3;60;66.7
1971;2016-2017;526;76;56.3;49;57.6;58;64.40000000000001
3374;2016-2017;531;90;66.7;50;58.8;52;57.8
9457;2015-2016;539;104;77;61;71.8;70;77.8
3857;2016-2017;536;93;68.90000000000001;65;76.5;53;58.9
2078;2016-2017;517;61;45.2;35;41.2;52;57.8
9548;2016-2017;550;120;88.90000000000001;81;95.3;73;81.09999999999999
6422;2016-2017;540;108;80;62;72.90000000000001;76;84.40000000000001
2895;2016-2017;534;94;69.59999999999999;57;67.09999999999999;50;55.6
889;2016-2017;521;77;57;33;38.8;40;44.4
9713;2016-2017;545;109;80.7;76;89.40000000000001;56;62.2
4030;2016-2017;528;89;65.90000000000001;42;49.4;37;41.1
9485;2016-2017;545;105;77.8;80;94.09999999999999;56;62.2
1213;2016-2017;528;75;55.6;56;65.90000000000001;35;38.9
8435;2016-2017;545;117;86.7;69;81.2;;
465;2016-2017;525;80;59.3;42;49.4;36;40
3207;2016-2017;524;73;54.1;45;52.9;;
6393;2016-2017;544;115;85.2;67;78.8;77;85.59999999999999
9175;2016-2017;543;106;78.5;73;85.90000000000001;73;81.09999999999999
9375;2016-2017;547;117;86.7;74;87.09999999999999;69;76.7
9321;2016-2017;550;127;94.09999999999999;81;95.3;72;80
977;2016-2017;521;79;58.5;30;35.3;34;37.8
7182;2015-2016;539;111;82.2;52;61.2;58;64.40000000000001
3604;2016-2017;528;95;70.40000000000001;37;43.5;61;67.8
5916;2016-2017;544;107;79.3;74;87.09999999999999;45;50
2848;2016-2017;527;90;66.7;38;44.7;55;61.1
3717;2016-2017;537;106;78.5;54;63.5;;
7772;2016-2017;550;122;90.40000000000001;80;94.09999999999999;74;82.2
9704;2016-2017;525;76;56.3;45;52.9;76;84.40000000000001
3711;2016-2017;541;100;74.09999999999999;71;83.5;69;76.7
67;2016-2017;512;44;32.6;37;43.5;32;35.6
764;2016-2017;536;94;69.59999999999999;62;72.90000000000001;66;73.3
8451;2016-2017;542;99;73.3;76;89.40000000000001;71;78.90000000000001
4767;2016-2017;530;99;73.3;38;44.7;;
6072;2016-2017;548;127;94.09999999999999;67;78.8;71;78.90000000000001
7411;2015-2016;543;111;82.2;67;78.8;;
5886;2016-2017;539;95;70.40000000000001;72;84.7;64;71.09999999999999
7366;2015-2016;542;100;74.09999999999999;73;85.90000000000001;60;66.7
3635;2016-2017;541;99;73.3;73;85.90000000000001;62;68.90000000000001
5891;2016-2017;536;100;74.09999999999999;58;68.2;67;74.40000000000001
6491;2016-2017;536;89;65.90000000000001;68;80;57;63.3
3306;2016-2017;539;104;77;61;71.8;36;40
2555;2016-2017;528;89;65.90000000000001;41;48.2;;
3106;2016-2017;528;80;59.3;52;61.2;55;61.1
5472;2016-2017;542;108;80;67;78.8;;
6472;2016-2017;535;92;68.09999999999999;62;72.90000000000001;;
9435;2016-2017;547;115;85.2;77;90.59999999999999;;
6985;2016-2017;543;117;86.7;62;72.90000000000001;69;76.7
2944;2016-2017;525;83;61.5;38;44.7;47;52.2
3822;2016-2017;529;76;56.3;58;68.2;47;52.2
9680;2016-2017;527;86;63.7;43;50.6;59;65.59999999999999
1659;2016-2017;531;93;68.90000000000001;48;56.5;56;62.2
633;2016-2017;519;65;48.1;38;44.7;41;45.6
4335;2016-2017;538;89;65.90000000000001;75;88.2;;
8339;2016-2017;550;127;94.09999999999999;76;89.40000000000001;80;88.90000000000001
8277;2016-2017;544;117;86.7;66;77.59999999999999;69;76.7
2126;2015-2016;529;86;63.7;46;54.1;;
5953;2016-2017;542;107;79.3;69;81.2;58;64.40000000000001
2222;2016-2017;530;107;79.3;30;35.3;50;55.6
3669;2016-2017;533;94;69.59999999999999;52;61.2;43;47.8
4706;2016-2017;525;89;65.90000000000001;33;38.8;51;56.7
6569;2016-2017;544;111;82.2;71;83.5;72;80
8897;2016-2017;545;109;80.7;76;89.40000000000001;78;86.7
8875;2016-2017;550;133;98.5;85;100;87;96.7
6309;2016-2017;542;113;83.7;62;72.90000000000001;;
5657;2016-2017;531;86;63.7;56;65.90000000000001;69;76.7
6336;2016-2017;541;113;83.7;59;69.40000000000001;62;68.90000000000001
5066;2015-2016;534;101;74.8;46;54.1;61;67.8
6827;2016-2017;541;102;75.59999999999999;70;82.40000000000001;53;58.9
5700;2016-2017;539;102;75.59999999999999;64;75.3;55;61.1
8016;2016-2017;550;125;92.59999999999999;78;91.8;67;74.40000000000001
6724;2016-2017;548;116;85.90000000000001;79;92.90000000000001;68;75.59999999999999
6093;2016-2017;542;114;84.40000000000001;62;72.90000000000001;45;50
7649;2016-2017;543;105;77.8;74;87.09999999999999;;
5165;2016-2017;540;109;80.7;60;70.59999999999999;;
8530;2016-2017;541;109;80.7;64;75.3;69;76.7
5666;2016-2017;542;115;85.2;62;72.90000000000001;;
4027;2016-2017;533;89;65.90000000000001;57;67.09999999999999;;
5453;2016-2017;545;112;83;74;87.09999999999999;66;73.3
9178;2016-2017;546;112;83;75;88.2;62;68.90000000000001
8719;2016-2017;546;116;85.90000000000001;71;83.5;;
3295;2016-2017;530;84;62.2;53;62.4;49;54.4
7660;2016-2017;544;105;77.8;77;90.59999999999999;73;81.09999999999999
9521;2015-2016;541;108;80;63;74.09999999999999;54;60
5214;2016-2017;541;109;80.7;62;72.90000000000001;55;61.1
8081;2016-2017;547;113;83.7;77;90.59999999999999;81;90
2071;2015-2016;538;97;71.90000000000001;65;76.5;71;78.90000000000001
7355;2016-2017;540;102;75.59999999999999;66;77.59999999999999;67;74.40000000000001
1573;2016-2017;541;100;74.09999999999999;71;83.5;46;51.1
4557;2016-2017;530;75;55.6;63;74.09999999999999;57;63.3
2145;2015-2016;513;58;43;23;27.1;43;47.8
5360;2016-2017;544;116;85.90000000000001;65;76.5;68;75.59999999999999
8505;2016-2017;550;128;94.8;84;98.8;76;84.40000000000001
1556;2016-2017;516;64;47.4;28;32.9;22;24.4
5724;2016-2017;537;102;75.59999999999999;58;68.2;53;58.9
2820;2016-2017;526;83;61.5;43;50.6;55;61.1
9060;2016-2017;544;109;80.7;72;84.7;67;74.40000000000001
1579;2016-2017;523;89;65.90000000000001;25;29.4;57;63.3
6673;2016-2017;532;92;68.09999999999999;51;60;57;63.3
7744;2016-2017;543;110;81.5;70;82.40000000000001;56;62.2
5552;2016-2017;543;106;78.5;73;85.90000000000001;68;75.59999999999999
5288;2016-2017;545;115;85.2;70;82.40000000000001;59;65.59999999999999
1198;2016-2017;535;89;65.90000000000001;63;74.09999999999999;63;70
2446;2016-2017;538;109;80.7;55;64.7;68;75.59999999999999
885;2016-2017;527;88;65.2;40;47.1;50;55.6
1826;2016-2017;526;64;47.4;60;70.59999999999999;63;70
8325;2016-2017;537;93;68.90000000000001;68;80;73;81.09999999999999
87;2016-2017;529;72;53.3;63;74.09999999999999;55;61.1
4961;2015-2016;526;85;63;39;45.9;51;56.7
8672;2016-2017;545;117;86.7;69;81.2;66;73.3
6546;2016-2017;536;103;76.3;53;62.4;49;54.4
7910;2016-2017;542;111;82.2;65;76.5;72;80
8859;2016-2017;540;106;78.5;63;74.09999999999999;53;58.9
5136;2016-2017;545;107;79.3;77;90.59999999999999;70;77.8
5104;2016-2017;546;114;84.40000000000001;74;87.09999999999999;71;78.90000000000001
4420;2016-2017;538;105;77.8;57;67.09999999999999;;
6964;2016-2017;543;118;87.40000000000001;61;71.8;;
629;2016-2017;535;89;65.90000000000001;65;76.5;39;43.3
8093;2016-2017;546;122;90.40000000000001;66;77.59999999999999;;
8832;2016-2017;544;114;84.40000000000001;68;80;;
8387;2016-2017;544;105;77.8;76;89.40000000000001;71;78.90000000000001
8856;2016-2017;548;112;83;83;97.59999999999999;;
8776;2016-2017;542;103;76.3;74;87.09999999999999;62;68.90000000000001
252;2016-2017;529;82;60.7;51;60;40;44.4
101;2016-2017;532;99;73.3;44;51.8;;
9730;2016-2017;542;118;87.40000000000001;57;67.09999999999999;61;67.8
5085;2016-2017;547;116;85.90000000000001;77;90.59999999999999;;
9398;2016-2017;544;122;90.40000000000001;61;71.8;57;63.3
5852;2016-2017;538;104;77;60;70.59999999999999;75;83.3
3616;2016-2017;539;110;81.5;55;64.7;50;55.6
628;2016-2017;516;75;55.6;18;21.2;44;48.9
8855;2016-2017;544;102;75.59999999999999;81;95.3;57;63.3
2454;2016-2017;530;85;63;53;62.4;53;58.9
5001;2015-2016;545;117;86.7;66;77.59999999999999;63;70
3912;2016-2017;546;120;88.90000000000001;67;78.8;57;63.3
7195;2016-2017;536;95;70.40000000000001;63;74.09999999999999;60;66.7
3758;2016-2017;541;111;82.2;60;70.59999999999999;60;66.7
5310;2016-2017;534;101;74.8;50;58.8;;
6555;2016-2017;538;107;79.3;55;64.7;75;83.3
8138;2016-2017;550;125;92.59999999999999;75;88.2;69;76.7
9104;2016-2017;549;116;85.90000000000001;82;96.5;77;85.59999999999999
8934;2016-2017;544;114;84.40000000000001;68;80;70;77.8
5206;2016-2017;533;109;80.7;39;45.9;66;73.3
6295;2016-2017;536;88;65.2;69;81.2;60;66.7
9727;2016-2017;542;117;86.7;60;70.59999999999999;62;68.90000000000001
1423;2016-2017;523;83;61.5;32;37.6;49;54.4
9677;2016-2017;543;112;83;67;78.8;72;80
2400;2016-2017;537;96;71.09999999999999;63;74.09999999999999;71;78.90000000000001
8717;2016-2017;539;101;74.8;66;77.59999999999999;68;75.59999999999999
8062;2016-2017;545;110;81.5;74;87.09999999999999;67;74.40000000000001
8003;2016-2017;542;113;83.7;63;74.09999999999999;53;58.9
9656;2015-2016;543;113;83.7;65;76.5;71;78.90000000000001
7888;2016-2017;545;111;82.2;74;87.09999999999999;69;76.7
4105;2016-2017;535;94;69.59999999999999;59;69.40000000000001;47;52.2
8202;2016-2017;543;97;71.90000000000001;81;95.3;68;75.59999999999999
5297;2016-2017;541;103;76.3;68;80;;
6226;2016-2017;545;114;84.40000000000001;71;83.5;;
4781;2016-2017;528;74;54.8;56;65.90000000000001;70;77.8
6951;2016-2017;536;109;80.7;46;54.1;;
7138;2015-2016;541;97;71.90000000000001;74;87.09999999999999;57;63.3
3614;2016-2017;534;96;71.09999999999999;54;63.5;43;47.8
4017;2016-2017;533;102;75.59999999999999;45;52.9;;
6087;2016-2017;536;99;73.3;57;67.09999999999999;70;77.8
8194;2016-2017;547;111;82.2;80;94.09999999999999;56;62.2
4711;2016-2017;533;85;63;63;74.09999999999999;57;63.3
3987;2016-2017;539;103;76.3;63;74.09999999999999;69;76.7
8825;2016-2017;549;120;88.90000000000001;78;91.8;81;90
3939;2016-2017;535;97;71.90000000000001;56;65.90000000000001;71;78.90000000000001
4509;2016-2017;541;95;70.40000000000001;78;91.8;62;68.90000000000001
8153;2016-2017;550;131;97;80;94.09999999999999;79;87.8
7558;2016-2017;526;75;55.6;51;60;56;62.2
8373;2016-2017;542;108;80;66;77.59999999999999;58;64.40000000000001
6589;2016-2017;541;110;81.5;62;72.90000000000001;;
3491;2016-2017;525;68;50.4;54;63.5;;
5465;2016-2017;533;86;63.7;60;70.59999999999999;;
2186;2015-2016;537;97;71.90000000000001;62;72.90000000000001;51;56.7
6107;2016-2017;535;92;68.09999999999999;60;70.59999999999999;61;67.8
6999;2016-2017;538;97;71.90000000000001;65;76.5;60;66.7
1871;2015-2016;535;93;68.90000000000001;58;68.2;57;63.3
293;2016-2017;533;82;60.7;65;76.5;49;54.4
7218;2015-2016;540;100;74.09999999999999;68;80;63;70
9670;2016-2017;540;109;80.7;60;70.59999999999999;;
621;2016-2017;543;119;88.09999999999999;60;70.59999999999999;51;56.7
884;2016-2017;526;83;61.5;43;50.6;48;53.3
6529;2016-2017;544;112;83;70;82.40000000000001;68;75.59999999999999
3560;2016-2017;531;91;67.40000000000001;49;57.6;55;61.1
6027;2016-2017;537;92;68.09999999999999;68;80;51;56.7
9376;2016-2017;546;117;86.7;71;83.5;76;84.40000000000001
6367;2016-2017;534;85;63;64;75.3;;
9532;2016-2017;543;111;82.2;69;81.2;62;68.90000000000001
6896;2016-2017;542;110;81.5;66;77.59999999999999;;
5982;2016-2017;543;109;80.7;70;82.40000000000001;57;63.3
8909;2016-2017;549;123;91.09999999999999;74;87.09999999999999;69;76.7
6506;2016-2017;539;105;77.8;60;70.59999999999999;66;73.3
9679;2016-2017;532;97;71.90000000000001;46;54.1;;
3425;2016-2017;534;98;72.59999999999999;51;60;54;60
536;2016-2017;518;71;52.6;27;31.8;47;52.2
6088;2016-2017;538;117;86.7;46;54.1;65;72.2
9707;2016-2017;547;117;86.7;76;89.40000000000001;68;75.59999999999999
7105;2016-2017;537;99;73.3;60;70.59999999999999;59;65.59999999999999
3557;2016-2017;530;85;63;52;61.2;49;54.4
8973;2016-2017;546;115;85.2;73;85.90000000000001;79;87.8
4403;2016-2017;534;87;64.40000000000001;64;75.3;;
8220;2016-2017;547;115;85.2;78;91.8;67;74.40000000000001
1455;2016-2017;523;65;48.1;50;58.8;58;64.40000000000001
5632;2016-2017;546;109;80.7;78;91.8;;
1174;2016-2017;546;112;83;76;89.40000000000001;55;61.1
4965;2015-2016;535;92;68.09999999999999;58;68.2;;
8680;2016-2017;550;125;92.59999999999999;76;89.40000000000001;70;77.8
5651;2016-2017;542;109;80.7;65;76.5;57;63.3
2680;2016-2017;533;90;66.7;57;67.09999999999999;53;58.9
6955;2016-2017;543;108;80;71;83.5;67;74.40000000000001
6666;2015-2016;542;103;76.3;71;83.5;66;73.3
5615;2016-2017;536;93;68.90000000000001;62;72.90000000000001;62;68.90000000000001
9312;2016-2017;545;118;87.40000000000001;66;77.59999999999999;;
5544;2016-2017;546;115;85.2;73;85.90000000000001;66;73.3
7113;2015-2016;536;99;73.3;56;65.90000000000001;;
9598;2015-2016;543;115;85.2;61;71.8;;
5454;2016-2017;532;95;70.40000000000001;49;57.6;47;52.2
8724;2016-2017;550;123;91.09999999999999;78;91.8;78;86.7
2864;2016-2017;533;98;72.59999999999999;50;58.8;;
8445;2016-2017;539;108;80;57;67.09999999999999;62;68.90000000000001
636;2016-2017;529;81;60;53;62.4;62;68.90000000000001
627;2016-2017;528;86;63.7;46;54.1;62;68.90000000000001
9678;2016-2017;546;112;83;75;88.2;;
7920;2016-2017;543;104;77;76;89.40000000000001;77;85.59999999999999
4680;2016-2017;531;84;62.2;56;65.90000000000001;49;54.4
7751;2016-2017;550;121;89.59999999999999;81;95.3;83;92.2
7381;2015-2016;548;120;88.90000000000001;73;85.90000000000001;62;68.90000000000001
5097;2016-2017;545;118;87.40000000000001;68;80;;
655;2016-2017;528;88;65.2;42;49.4;;
2247;2016-2017;535;82;60.7;70;82.40000000000001;36;40
3145;2016-2017;531;89;65.90000000000001;53;62.4;72;80
8772;2016-2017;541;107;79.3;66;77.59999999999999;61;67.8
6310;2016-2017;542;107;79.3;70;82.40000000000001;76;84.40000000000001
7955;2016-2017;547;119;88.09999999999999;71;83.5;56;62.2
9262;2016-2017;550;126;93.3;82;96.5;65;72.2
5894;2016-2017;545;106;78.5;78;91.8;59;65.59999999999999
6962;2016-2017;537;102;75.59999999999999;59;69.40000000000001;;
8310;2016-2017;549;118;87.40000000000001;79;92.90000000000001;75;83.3
6677;2015-2016;542;106;78.5;68;80;68;75.59999999999999
3435;2016-2017;531;94;69.59999999999999;46;54.1;55;61.1
3757;2016-2017;531;95;70.40000000000001;47;55.3;;
9681;2016-2017;549;124;91.90000000000001;75;88.2;;
418;2016-2017;527;76;56.3;53;62.4;36;40
2572;2016-2017;535;88;65.2;65;76.5;59;65.59999999999999
2396;2016-2017;530;88;65.2;48;56.5;41;45.6
5468;2016-2017;544;111;82.2;71;83.5;70;77.8
9663;2016-2017;545;108;80;77;90.59999999999999;67;74.40000000000001
6745;2016-2017;539;108;80;59;69.40000000000001;54;60
9363;2015-2016;548;116;85.90000000000001;77;90.59999999999999;78;86.7
492;2016-2017;515;69;51.1;20;23.5;39;43.3
9543;2015-2016;543;107;79.3;70;82.40000000000001;;
4887;2015-2016;535;84;62.2;66;77.59999999999999;56;62.2
6659;2016-2017;541;110;81.5;61;71.8;;
6147;2016-2017;544;114;84.40000000000001;67;78.8;52;57.8
2608;2016-2017;543;117;86.7;63;74.09999999999999;81;90
9139;2016-2017;542;106;78.5;68;80;63;70
4554;2016-2017;531;102;75.59999999999999;40;47.1;56;62.2
2899;2016-2017;533;87;64.40000000000001;59;69.40000000000001;51;56.7
1648;2016-2017;527;85;63;43;50.6;;
1928;2016-2017;532;94;69.59999999999999;51;60;61;67.8
6897;2016-2017;533;93;68.90000000000001;54;63.5;68;75.59999999999999
2174;2015-2016;529;91;67.40000000000001;41;48.2;58;64.40000000000001
1693;2016-2017;538;93;68.90000000000001;71;83.5;66;73.3
9284;2016-2017;550;121;89.59999999999999;82;96.5;80;88.90000000000001
9482;2016-2017;544;103;76.3;78;91.8;64;71.09999999999999
2156;2015-2016;513;61;45.2;20;23.5;;
2500;2016-2017;532;84;62.2;59;69.40000000000001;55;61.1
4541;2015-2016;539;103;76.3;60;70.59999999999999;62;68.90000000000001
5735;2016-2017;546;112;83;76;89.40000000000001;;
8512;2016-2017;546;111;82.2;76;89.40000000000001;69;76.7
3554;2016-2017;528;92;68.09999999999999;40;47.1;61;67.8
7014;2016-2017;543;108;80;72;84.7;;
7025;2016-2017;540;95;70.40000000000001;74;87.09999999999999;65;72.2
4513;2016-2017;535;94;69.59999999999999;59;69.40000000000001;61;67.8
7848;2016-2017;550;121;89.59999999999999;82;96.5;73;81.09999999999999
5561;2016-2017;537;98;72.59999999999999;62;72.90000000000001;60;66.7
4131;2016-2017;544;101;74.8;81;95.3;61;67.8
1811;2016-2017;526;80;59.3;46;54.1;47;52.2
3151;2016-2017;528;77;57;54;63.5;54;60
2192;2015-2016;528;79;58.5;50;58.8;;
3142;2016-2017;540;111;82.2;58;68.2;64;71.09999999999999
9676;2016-2017;536;100;74.09999999999999;56;65.90000000000001;;
944;2016-2017;520;65;48.1;40;47.1;47;52.2
2406;2016-2017;538;112;83;51;60;54;60
588;2016-2017;512;63;46.7;18;21.2;;
8396;2016-2017;547;111;82.2;79;92.90000000000001;54;60
2883;2016-2017;537;91;67.40000000000001;70;82.40000000000001;;
583;2016-2017;524;74;54.8;46;54.1;;
300;2016-2017;536;99;73.3;56;65.90000000000001;;
4523;2016-2017;530;82;60.7;56;65.90000000000001;47;52.2
6640;2016-2017;542;113;83.7;63;74.09999999999999;;
9026;2016-2017;538;99;73.3;64;75.3;79;87.8
6211;2016-2017;548;126;93.3;68;80;66;73.3
1777;2016-2017;517;62;45.9;33;38.8;54;60
8079;2016-2017;542;109;80.7;68;80;76;84.40000000000001
3887;2016-2017;524;78;57.8;41;48.2;49;54.4
7430;2015-2016;540;97;71.90000000000001;70;82.40000000000001;75;83.3
5215;2016-2017;544;113;83.7;68;80;73;81.09999999999999
6919;2016-2017;537;102;75.59999999999999;59;69.40000000000001;58;64.40000000000001
7717;2016-2017;550;127;94.09999999999999;82;96.5;65;72.2
9318;2016-2017;550;126;93.3;79;92.90000000000001;76;84.40000000000001
7156;2015-2016;540;97;71.90000000000001;69;81.2;60;66.7
9733;2015-2016;541;108;80;64;75.3;71;78.90000000000001
4297;2016-2017;530;93;68.90000000000001;45;52.9;59;65.59999999999999
7632;2016-2017;547;113;83.7;79;92.90000000000001;78;86.7
5988;2016-2017;541;103;76.3;70;82.40000000000001;62;68.90000000000001
9105;2016-2017;543;119;88.09999999999999;60;70.59999999999999;69;76.7
797;2016-2017;527;86;63.7;43;50.6;;
3781;2016-2017;528;86;63.7;44;51.8;55;61.1
3867;2016-2017;536;104;77;51;60;65;72.2
7735;2016-2017;545;109;80.7;77;90.59999999999999;60;66.7
9516;2016-2017;537;100;74.09999999999999;61;71.8;69;76.7
9323;2016-2017;546;113;83.7;74;87.09999999999999;66;73.3
8843;2016-2017;542;116;85.90000000000001;58;68.2;56;62.2
2907;2016-2017;535;113;83.7;40;47.1;57;63.3
9383;2016-2017;550;127;94.09999999999999;79;92.90000000000001;65;72.2
779;2016-2017;532;82;60.7;62;72.90000000000001;51;56.7
1953;2016-2017;524;89;65.90000000000001;30;35.3;50;55.6
9691;2016-2017;548;120;88.90000000000001;75;88.2;;
9046;2016-2017;548;120;88.90000000000001;76;89.40000000000001;77;85.59999999999999
4897;2015-2016;532;93;68.90000000000001;48;56.5;68;75.59999999999999
8983;2016-2017;546;110;81.5;77;90.59999999999999;67;74.40000000000001
4148;2016-2017;538;104;77;59;69.40000000000001;73;81.09999999999999
8352;2016-2017;547;114;84.40000000000001;78;91.8;;
2022;2015-2016;521;73;54.1;36;42.4;41;45.6
9260;2016-2017;546;120;88.90000000000001;67;78.8;70;77.8
6222;2016-2017;540;107;79.3;61;71.8;;
6949;2016-2017;539;110;81.5;56;65.90000000000001;65;72.2
4892;2016-2017;528;82;60.7;49;57.6;62;68.90000000000001
3984;2016-2017;534;92;68.09999999999999;57;67.09999999999999;70;77.8
5210;2016-2017;547;110;81.5;81;95.3;67;74.40000000000001
2897;2016-2017;538;102;75.59999999999999;62;72.90000000000001;52;57.8
4976;2015-2016;522;77;57;33;38.8;43;47.8
7279;2016-2017;533;86;63.7;62;72.90000000000001;;
6146;2016-2017;530;82;60.7;54;63.5;64;71.09999999999999
6578;2016-2017;545;117;86.7;68;80;;
9483;2016-2017;548;118;87.40000000000001;77;90.59999999999999;67;74.40000000000001
3114;2016-2017;532;93;68.90000000000001;52;61.2;49;54.4
64;2016-2017;531;94;69.59999999999999;46;54.1;42;46.7
9127;2016-2017;550;126;93.3;84;98.8;;
3318;2016-2017;531;87;64.40000000000001;54;63.5;50;55.6
6620;2016-2017;541;106;78.5;65;76.5;43;47.8
8576;2016-2017;550;119;88.09999999999999;81;95.3;70;77.8
6373;2016-2017;529;75;55.6;60;70.59999999999999;70;77.8
8117;2016-2017;546;120;88.90000000000001;68;80;62;68.90000000000001
3818;2016-2017;533;91;67.40000000000001;56;65.90000000000001;;
8957;2016-2017;549;118;87.40000000000001;81;95.3;;
8360;2016-2017;537;93;68.90000000000001;68;80;;
7196;2015-2016;545;117;86.7;66;77.59999999999999;70;77.8
1619;2016-2017;538;101;74.8;63;74.09999999999999;65;72.2
4752;2016-2017;529;83;61.5;51;60;66;73.3
6078;2016-2017;550;121;89.59999999999999;79;92.90000000000001;66;73.3
224;2016-2017;518;59;43.7;41;48.2;54;60
1717;2016-2017;509;49;36.3;23;27.1;34;37.8
6493;2016-2017;543;122;90.40000000000001;57;67.09999999999999;65;72.2
5073;2015-2016;528;89;65.90000000000001;39;45.9;;
5092;2016-2017;536;100;74.09999999999999;56;65.90000000000001;;
2405;2016-2017;540;104;77;65;76.5;56;62.2
5323;2016-2017;533;95;70.40000000000001;52;61.2;53;58.9
9153;2016-2017;545;113;83.7;71;83.5;65;72.2
5177;2016-2017;537;97;71.90000000000001;63;74.09999999999999;52;57.8
9212;2016-2017;543;105;77.8;74;87.09999999999999;64;71.09999999999999
5779;2016-2017;541;93;68.90000000000001;79;92.90000000000001;62;68.90000000000001
4221;2016-2017;536;96;71.09999999999999;61;71.8;64;71.09999999999999
7800;2016-2017;541;101;74.8;70;82.40000000000001;64;71.09999999999999
9696;2016-2017;542;116;85.90000000000001;59;69.40000000000001;73;81.09999999999999
3637;2016-2017;543;115;85.2;65;76.5;64;71.09999999999999
9566;2016-2017;545;109;80.7;75;88.2;72;80
7275;2015-2016;547;114;84.40000000000001;75;88.2;;
414;2016-2017;532;92;68.09999999999999;51;60;51;56.7
5133;2016-2017;532;84;62.2;59;69.40000000000001;46;51.1
6776;2016-2017;539;91;67.40000000000001;75;88.2;70;77.8
531;2016-2017;528;89;65.90000000000001;42;49.4;46;51.1
3597;2016-2017;530;92;68.09999999999999;46;54.1;51;56.7
1431;2016-2017;524;65;48.1;53;62.4;;
3960;2016-2017;530;101;74.8;35;41.2;63;70
6338;2016-2017;545;114;84.40000000000001;71;83.5;49;54.4
7159;2015-2016;531;99;73.3;40;47.1;65;72.2
7336;2015-2016;541;104;77;66;77.59999999999999;62;68.90000000000001
8757;2016-2017;546;109;80.7;78;91.8;71;78.90000000000001
5223;2016-2017;540;101;74.8;67;78.8;73;81.09999999999999
208;2016-2017;526;72;53.3;52;61.2;52;57.8
4891;2016-2017;533;87;64.40000000000001;60;70.59999999999999;42;46.7
1310;2015-2016;525;91;67.40000000000001;28;32.9;;
1720;2016-2017;522;88;65.2;23;27.1;33;36.7
2003;2016-2017;530;83;61.5;53;62.4;;
9640;2015-2016;543;114;84.40000000000001;64;75.3;72;80
9012;2016-2017;547;111;82.2;80;94.09999999999999;73;81.09999999999999
4573;2015-2016;531;87;64.40000000000001;51;60;35;38.9
5986;2016-2017;546;108;80;80;94.09999999999999;;
6413;2016-2017;537;107;79.3;53;62.4;;
9162;2016-2017;547;111;82.2;79;92.90000000000001;69;76.7
4097;2016-2017;540;93;68.90000000000001;77;90.59999999999999;55;61.1
5471;2016-2017;537;96;71.09999999999999;64;75.3;63;70
3859;2016-2017;541;103;76.3;69;81.2;;
8178;2016-2017;548;120;88.90000000000001;74;87.09999999999999;;
8997;2016-2017;547;126;93.3;66;77.59999999999999;62;68.90000000000001
8986;2016-2017;540;114;84.40000000000001;54;63.5;75;83.3
4253;2016-2017;538;99;73.3;64;75.3;48;53.3
4681;2016-2017;531;95;70.40000000000001;47;55.3;71;78.90000000000001
8031;2016-2017;545;108;80;77;90.59999999999999;62;68.90000000000001
8659;2016-2017;545;103;76.3;81;95.3;60;66.7
6051;2016-2017;544;102;75.59999999999999;80;94.09999999999999;56;62.2
5965;2016-2017;544;108;80;73;85.90000000000001;;
5871;2016-2017;536;92;68.09999999999999;63;74.09999999999999;62;68.90000000000001
4364;2016-2017;525;79;58.5;43;50.6;57;63.3
4482;2016-2017;532;81;60;63;74.09999999999999;57;63.3
2100;2015-2016;524;86;63.7;31;36.5;70;77.8
5682;2016-2017;543;107;79.3;72;84.7;71;78.90000000000001
4491;2015-2016;542;109;80.7;66;77.59999999999999;68;75.59999999999999
73;2016-2017;535;92;68.09999999999999;62;72.90000000000001;67;74.40000000000001
3760;2016-2017;526;86;63.7;39;45.9;56;62.2
9225;2016-2017;549;123;91.09999999999999;76;89.40000000000001;61;67.8
9688;2016-2017;547;116;85.90000000000001;74;87.09999999999999;67;74.40000000000001
8087;2016-2017;547;120;88.90000000000001;72;84.7;66;73.3
6524;2016-2017;534;91;67.40000000000001;59;69.40000000000001;56;62.2
6667;2016-2017;542;102;75.59999999999999;73;85.90000000000001;60;66.7
1733;2016-2017;507;47;34.8;16;18.8;33;36.7
752;2016-2017;526;72;53.3;52;61.2;;
5954;2016-2017;538;96;71.09999999999999;67;78.8;65;72.2
509;2016-2017;536;101;74.8;57;67.09999999999999;52;57.8
1177;2015-2016;533;83;61.5;61;71.8;67;74.40000000000001
8495;2016-2017;550;125;92.59999999999999;81;95.3;72;80
7303;2016-2017;537;105;77.8;55;64.7;67;74.40000000000001
6230;2016-2017;538;108;80;54;63.5;40;44.4
6388;2016-2017;539;101;74.8;64;75.3;65;72.2
7944;2016-2017;550;126;93.3;82;96.5;67;74.40000000000001
95;2016-2017;527;94;69.59999999999999;35;41.2;49;54.4
7206;2015-2016;546;113;83.7;74;87.09999999999999;71;78.90000000000001
9462;2016-2017;547;114;84.40000000000001;79;92.90000000000001;67;74.40000000000001
9224;2016-2017;547;111;82.2;80;94.09999999999999;;
1520;2016-2017;531;93;68.90000000000001;48;56.5;;
2563;2016-2017;538;97;71.90000000000001;65;76.5;;
1505;2016-2017;532;91;67.40000000000001;52;61.2;55;61.1
1838;2016-2017;530;87;64.40000000000001;50;58.8;62;68.90000000000001
8583;2016-2017;538;92;68.09999999999999;70;82.40000000000001;;
7266;2015-2016;534;85;63;64;75.3;;
7464;2015-2016;538;105;77.8;57;67.09999999999999;69;76.7
6458;2016-2017;538;101;74.8;61;71.8;61;67.8
5350;2016-2017;545;114;84.40000000000001;71;83.5;50;55.6
6158;2016-2017;545;106;78.5;80;94.09999999999999;49;54.4
4207;2016-2017;534;87;64.40000000000001;62;72.90000000000001;62;68.90000000000001
5117;2016-2017;548;125;92.59999999999999;70;82.40000000000001;;
9710;2016-2017;550;127;94.09999999999999;79;92.90000000000001;65;72.2
8777;2015-2016;548;123;91.09999999999999;71;83.5;78;86.7
387;2016-2017;528;77;57;53;62.4;52;57.8
8791;2016-2017;546;108;80;79;92.90000000000001;67;74.40000000000001
8723;2016-2017;543;110;81.5;68;80;71;78.90000000000001
8429;2016-2017;548;129;95.59999999999999;67;78.8;70;77.8
8838;2016-2017;547;118;87.40000000000001;74;87.09999999999999;73;81.09999999999999
8483;2016-2017;550;123;91.09999999999999;78;91.8;69;76.7
9313;2016-2017;545;114;84.40000000000001;71;83.5;;
7435;2015-2016;548;124;91.90000000000001;67;78.8;78;86.7
8661;2016-2017;547;111;82.2;80;94.09999999999999;70;77.8
9192;2016-2017;550;129;95.59999999999999;81;95.3;83;92.2
6052;2016-2017;544;118;87.40000000000001;63;74.09999999999999;56;62.2
6813;2016-2017;538;92;68.09999999999999;72;84.7;62;68.90000000000001
6812;2016-2017;535;99;73.3;54;63.5;60;66.7
799;2016-2017;525;74;54.8;47;55.3;32;35.6
6979;2016-2017;547;113;83.7;80;94.09999999999999;76;84.40000000000001
4646;2015-2016;530;93;68.90000000000001;42;49.4;;
1369;2016-2017;525;78;57.8;44;51.8;;
7041;2015-2016;535;100;74.09999999999999;50;58.8;76;84.40000000000001
7480;2016-2017;538;98;72.59999999999999;65;76.5;;
1767;2016-2017;517;66;48.9;29;34.1;55;61.1
8643;2016-2017;548;123;91.09999999999999;72;84.7;67;74.40000000000001
3777;2016-2017;537;100;74.09999999999999;59;69.40000000000001;;
9382;2016-2017;541;103;76.3;68;80;;
2483;2016-2017;537;101;74.8;58;68.2;59;65.59999999999999
6782;2016-2017;535;102;75.59999999999999;52;61.2;;
3668;2016-2017;537;96;71.09999999999999;65;76.5;69;76.7
354;2016-2017;527;75;55.6;53;62.4;61;67.8
2047;2015-2016;526;88;65.2;34;40;48;53.3
3271;2016-2017;534;91;67.40000000000001;60;70.59999999999999;57;63.3
2600;2016-2017;538;106;78.5;57;67.09999999999999;52;57.8
3384;2016-2017;533;105;77.8;41;48.2;;
9494;2015-2016;547;123;91.09999999999999;66;77.59999999999999;;
7502;2015-2016;548;118;87.40000000000001;76;89.40000000000001;68;75.59999999999999
9329;2016-2017;547;113;83.7;77;90.59999999999999;;
7634;2016-2017;550;123;91.09999999999999;85;100;74;82.2
7302;2015-2016;537;101;74.8;58;68.2;53;58.9
3376;2016-2017;531;102;75.59999999999999;40;47.1;;
7393;2016-2017;537;105;77.8;55;64.7;52;57.8
7672;2016-2017;545;108;80;77;90.59999999999999;70;77.8
5257;2016-2017;536;101;74.8;54;63.5;60;66.7
3732;2016-2017;529;78;57.8;56;65.90000000000001;71;78.90000000000001
5771;2016-2017;540;106;78.5;63;74.09999999999999;70;77.8
3085;2016-2017;528;99;73.3;32;37.6;52;57.8
5821;2016-2017;542;103;76.3;72;84.7;72;80
3204;2016-2017;543;107;79.3;72;84.7;62;68.90000000000001
3533;2016-2017;534;85;63;66;77.59999999999999;55;61.1
9353;2016-2017;548;112;83;82;96.5;69;76.7
1861;2016-2017;527;79;58.5;50;58.8;53;58.9
6834;2016-2017;539;103;76.3;63;74.09999999999999;68;75.59999999999999
6264;2016-2017;543;111;82.2;68;80;60;66.7
4205;2015-2016;539;106;78.5;59;69.40000000000001;;
6697;2016-2017;547;114;84.40000000000001;77;90.59999999999999;50;55.6
3684;2016-2017;531;79;58.5;62;72.90000000000001;43;47.8
5354;2016-2017;533;87;64.40000000000001;59;69.40000000000001;56;62.2
3181;2016-2017;540;103;76.3;66;77.59999999999999;59;65.59999999999999
4036;2016-2017;539;100;74.09999999999999;67;78.8;69;76.7
8164;2016-2017;543;117;86.7;63;74.09999999999999;;
5411;2016-2017;534;84;62.2;66;77.59999999999999;63;70
5816;2016-2017;543;110;81.5;69;81.2;69;76.7
4054;2016-2017;539;105;77.8;62;72.90000000000001;64;71.09999999999999
8894;2016-2017;541;106;78.5;65;76.5;62;68.90000000000001
8169;2016-2017;548;117;86.7;79;92.90000000000001;;
5434;2016-2017;544;113;83.7;69;81.2;75;83.3
3315;2016-2017;536;98;72.59999999999999;58;68.2;48;53.3
5488;2016-2017;541;113;83.7;58;68.2;63;70
5370;2016-2017;537;101;74.8;60;70.59999999999999;63;70
3704;2016-2017;550;131;97;79;92.90000000000001;69;76.7
8531;2016-2017;550;131;97;85;100;73;81.09999999999999
5229;2016-2017;543;103;76.3;77;90.59999999999999;72;80
4204;2015-2016;531;96;71.09999999999999;42;49.4;;
7753;2016-2017;540;101;74.8;69;81.2;65;72.2
7083;2015-2016;545;108;80;75;88.2;;
6997;2016-2017;536;93;68.90000000000001;65;76.5;47;52.2
6508;2016-2017;540;98;72.59999999999999;72;84.7;67;74.40000000000001
6933;2016-2017;544;110;81.5;71;83.5;67;74.40000000000001
8319;2016-2017;542;109;80.7;67;78.8;73;81.09999999999999
2226;2015-2016;518;59;43.7;39;45.9;39;43.3
3909;2016-2017;536;102;75.59999999999999;55;64.7;70;77.8
882;2016-2017;527;80;59.3;49;57.6;;
5382;2016-2017;530;85;63;54;63.5;;
3572;2016-2017;545;105;77.8;80;94.09999999999999;61;67.8
7229;2015-2016;545;104;77;78;91.8;58;64.40000000000001
5262;2016-2017;543;116;85.90000000000001;62;72.90000000000001;57;63.3
6749;2016-2017;547;118;87.40000000000001;72;84.7;64;71.09999999999999
8447;2016-2017;548;114;84.40000000000001;80;94.09999999999999;;
4777;2015-2016;534;89;65.90000000000001;58;68.2;66;73.3
5742;2016-2017;529;86;63.7;49;57.6;66;73.3
4367;2016-2017;528;77;57;54;63.5;57;63.3
3440;2016-2017;537;95;70.40000000000001;65;76.5;48;53.3
9699;2016-2017;547;118;87.40000000000001;75;88.2;62;68.90000000000001
3985;2016-2017;524;91;67.40000000000001;26;30.6;40;44.4
5470;2016-2017;545;116;85.90000000000001;69;81.2;66;73.3
243;2016-2017;523;77;57;39;45.9;;
6079;2016-2017;532;82;60.7;61;71.8;;
7145;2016-2017;538;93;68.90000000000001;70;82.40000000000001;61;67.8
1399;2016-2017;529;81;60;54;63.5;30;33.3
4313;2016-2017;529;86;63.7;48;56.5;;
79;2016-2017;533;81;60;65;76.5;48;53.3
8606;2016-2017;550;124;91.90000000000001;82;96.5;74;82.2
9389;2016-2017;550;126;93.3;85;100;84;93.3
2421;2016-2017;530;90;66.7;47;55.3;42;46.7
9039;2016-2017;550;121;89.59999999999999;79;92.90000000000001;66;73.3
9455;2016-2017;547;118;87.40000000000001;75;88.2;63;70
8807;2016-2017;545;112;83;73;85.90000000000001;;
8874;2016-2017;550;116;85.90000000000001;85;100;79;87.8
2665;2016-2017;535;98;72.59999999999999;55;64.7;56;62.2
6140;2016-2017;530;77;57;62;72.90000000000001;56;62.2
2909;2016-2017;528;80;59.3;50;58.8;42;46.7
8111;2016-2017;550;130;96.3;85;100;77;85.59999999999999
5416;2016-2017;544;111;82.2;70;82.40000000000001;60;66.7
9305;2016-2017;550;122;90.40000000000001;78;91.8;66;73.3
6879;2016-2017;541;103;76.3;69;81.2;66;73.3
8461;2016-2017;550;124;91.90000000000001;82;96.5;56;62.2
5714;2016-2017;541;116;85.90000000000001;55;64.7;67;74.40000000000001
2798;2016-2017;536;90;66.7;67;78.8;22;24.4
4904;2016-2017;517;63;46.7;34;40;30;33.3
7952;2016-2017;544;100;74.09999999999999;81;95.3;;
4854;2016-2017;525;71;52.6;52;61.2;72;80
2409;2016-2017;530;89;65.90000000000001;48;56.5;46;51.1
2981;2016-2017;539;98;72.59999999999999;67;78.8;56;62.2
2980;2016-2017;537;94;69.59999999999999;65;76.5;48;53.3
2420;2016-2017;526;86;63.7;38;44.7;37;41.1
6809;2016-2017;539;103;76.3;64;75.3;73;81.09999999999999
8391;2016-2017;549;121;89.59999999999999;76;89.40000000000001;80;88.90000000000001
2526;2016-2017;536;98;72.59999999999999;59;69.40000000000001;57;63.3
7217;2016-2017;542;99;73.3;76;89.40000000000001;;
8458;2016-2017;550;130;96.3;83;97.59999999999999;;
2255;2016-2017;523;75;55.6;41;48.2;44;48.9
1816;2016-2017;514;55;40.7;33;38.8;57;63.3
1610;2016-2017;513;55;40.7;30;35.3;34;37.8
6148;2016-2017;539;121;89.59999999999999;44;51.8;71;78.90000000000001
5402;2016-2017;538;94;69.59999999999999;69;81.2;64;71.09999999999999
4089;2016-2017;524;72;53.3;47;55.3;;
590;2016-2017;534;82;60.7;67;78.8;46;51.1
6124;2016-2017;526;81;60;43;50.6;;
5971;2016-2017;544;106;78.5;77;90.59999999999999;64;71.09999999999999
5375;2016-2017;530;89;65.90000000000001;48;56.5;55;61.1
2475;2016-2017;533;91;67.40000000000001;56;65.90000000000001;57;63.3
3314;2016-2017;536;101;74.8;56;65.90000000000001;58;64.40000000000001
1361;2016-2017;514;55;40.7;31;36.5;25;27.8
7323;2016-2017;536;97;71.90000000000001;59;69.40000000000001;60;66.7
4539;2016-2017;534;101;74.8;48;56.5;54;60
330;2016-2017;528;76;56.3;56;65.90000000000001;57;63.3
6496;2016-2017;536;103;76.3;52;61.2;44;48.9
4640;2016-2017;538;87;64.40000000000001;75;88.2;64;71.09999999999999
2892;2016-2017;535;93;68.90000000000001;60;70.59999999999999;52;57.8
3870;2016-2017;529;93;68.90000000000001;41;48.2;62;68.90000000000001
1502;2016-2017;530;81;60;55;64.7;36;40
8217;2016-2017;542;113;83.7;63;74.09999999999999;72;80
7713;2016-2017;549;123;91.09999999999999;76;89.40000000000001;65;72.2
6939;2016-2017;536;103;76.3;54;63.5;69;76.7
5569;2016-2017;544;111;82.2;72;84.7;54;60
3650;2016-2017;542;111;82.2;63;74.09999999999999;69;76.7
4118;2016-2017;527;87;64.40000000000001;41;48.2;42;46.7
5586;2016-2017;539;97;71.90000000000001;68;80;60;66.7
5313;2016-2017;539;92;68.09999999999999;73;85.90000000000001;72;80
8987;2016-2017;550;126;93.3;74;87.09999999999999;75;83.3
1752;2016-2017;519;69;51.1;35;41.2;45;50
421;2016-2017;511;41;30.4;36;42.4;47;52.2
3599;2016-2017;534;98;72.59999999999999;53;62.4;61;67.8
5178;2016-2017;537;92;68.09999999999999;68;80;45;50
3340;2016-2017;536;95;70.40000000000001;62;72.90000000000001;68;75.59999999999999
9631;2016-2017;550;124;91.90000000000001;77;90.59999999999999;58;64.40000000000001
30;2016-2017;530;84;62.2;55;64.7;53;58.9
9237;2016-2017;538;105;77.8;57;67.09999999999999;;
5276;2016-2017;542;102;75.59999999999999;73;85.90000000000001;41;45.6
7981;2016-2017;547;119;88.09999999999999;73;85.90000000000001;69;76.7
1428;2016-2017;513;56;41.5;28;32.9;50;55.6
180;2016-2017;518;75;55.6;23;27.1;65;72.2
4694;2016-2017;525;91;67.40000000000001;30;35.3;45;50
130;2016-2017;525;83;61.5;40;47.1;51;56.7
8768;2016-2017;536;97;71.90000000000001;61;71.8;;
3279;2016-2017;536;87;64.40000000000001;70;82.40000000000001;52;57.8
9359;2016-2017;544;109;80.7;74;87.09999999999999;73;81.09999999999999
2890;2016-2017;532;92;68.09999999999999;53;62.4;57;63.3
5287;2016-2017;536;100;74.09999999999999;56;65.90000000000001;52;57.8
3052;2016-2017;541;93;68.90000000000001;78;91.8;51;56.7
3613;2016-2017;534;84;62.2;67;78.8;51;56.7
3352;2016-2017;544;111;82.2;72;84.7;67;74.40000000000001
6503;2016-2017;542;105;77.8;70;82.40000000000001;67;74.40000000000001
116;2016-2017;536;94;69.59999999999999;62;72.90000000000001;49;54.4
5248;2016-2017;530;91;67.40000000000001;48;56.5;55;61.1
8043;2016-2017;548;119;88.09999999999999;77;90.59999999999999;80;88.90000000000001
5114;2016-2017;542;111;82.2;63;74.09999999999999;61;67.8
8811;2016-2017;550;127;94.09999999999999;80;94.09999999999999;77;85.59999999999999
5581;2016-2017;539;98;72.59999999999999;69;81.2;65;72.2
8917;2016-2017;550;123;91.09999999999999;78;91.8;75;83.3
2998;2016-2017;535;93;68.90000000000001;60;70.59999999999999;32;35.6
3653;2016-2017;541;109;80.7;62;72.90000000000001;62;68.90000000000001
1224;2016-2017;518;64;47.4;35;41.2;34;37.8
4952;2016-2017;532;90;66.7;55;64.7;43;47.8
3249;2016-2017;531;91;67.40000000000001;51;60;65;72.2
5811;2016-2017;541;105;77.8;67;78.8;66;73.3
8;2016-2017;529;93;68.90000000000001;42;49.4;45;50
8698;2016-2017;544;118;87.40000000000001;64;75.3;71;78.90000000000001
5808;2016-2017;537;101;74.8;59;69.40000000000001;58;64.40000000000001
3839;2016-2017;532;103;76.3;42;49.4;38;42.2
5582;2016-2017;537;98;72.59999999999999;61;71.8;53;58.9
6615;2016-2017;539;108;80;59;69.40000000000001;64;71.09999999999999
2926;2016-2017;538;105;77.8;58;68.2;69;76.7
4949;2016-2017;523;67;49.6;48;56.5;28;31.1
6527;2016-2017;532;86;63.7;58;68.2;50;55.6
5590;2016-2017;539;103;76.3;63;74.09999999999999;58;64.40000000000001
404;2016-2017;517;74;54.8;23;27.1;35;38.9
5314;2016-2017;533;85;63;63;74.09999999999999;46;51.1
3586;2016-2017;536;106;78.5;52;61.2;61;67.8
4076;2016-2017;543;115;85.2;65;76.5;65;72.2
5203;2016-2017;534;94;69.59999999999999;57;67.09999999999999;53;58.9
1272;2016-2017;520;67;49.6;39;45.9;42;46.7
5110;2016-2017;548;114;84.40000000000001;81;95.3;69;76.7
6965;2016-2017;538;88;65.2;76;89.40000000000001;57;63.3
5624;2016-2017;542;109;80.7;65;76.5;49;54.4
6253;2016-2017;539;107;79.3;59;69.40000000000001;59;65.59999999999999
2752;2016-2017;536;102;75.59999999999999;53;62.4;50;55.6
8431;2016-2017;543;101;74.8;78;91.8;50;55.6
6137;2016-2017;527;84;62.2;45;52.9;56;62.2
6035;2016-2017;544;114;84.40000000000001;67;78.8;62;68.90000000000001
4377;2016-2017;545;109;80.7;76;89.40000000000001;65;72.2
4817;2016-2017;534;112;83;38;44.7;57;63.3
1698;2016-2017;512;54;40;25;29.4;49;54.4
349;2016-2017;519;40;29.6;64;75.3;41;45.6
6203;2016-2017;538;104;77;58;68.2;63;70
7596;2016-2017;544;112;83;70;82.40000000000001;;
5898;2016-2017;542;103;76.3;71;83.5;61;67.8
444;2016-2017;533;100;74.09999999999999;47;55.3;53;58.9
7792;2016-2017;546;112;83;75;88.2;70;77.8
5149;2016-2017;544;125;92.59999999999999;56;65.90000000000001;70;77.8
4757;2016-2017;517;61;45.2;34;40;37;41.1
8608;2016-2017;550;131;97;80;94.09999999999999;82;91.09999999999999
2750;2016-2017;537;96;71.09999999999999;64;75.3;61;67.8
301;2016-2017;517;50;37;45;52.9;33;36.7
348;2016-2017;513;51;37.8;33;38.8;48;53.3
5725;2016-2017;542;107;79.3;69;81.2;51;56.7
5111;2016-2017;541;109;80.7;64;75.3;60;66.7
6930;2016-2017;544;106;78.5;75;88.2;66;73.3
2700;2016-2017;543;103;76.3;77;90.59999999999999;61;67.8
4863;2016-2017;536;90;66.7;65;76.5;64;71.09999999999999
4040;2016-2017;526;82;60.7;42;49.4;52;57.8
496;2016-2017;529;89;65.90000000000001;46;54.1;52;57.8
7082;2016-2017;535;88;65.2;65;76.5;57;63.3
4723;2016-2017;525;79;58.5;44;51.8;56;62.2
8922;2016-2017;546;116;85.90000000000001;72;84.7;57;63.3
6221;2016-2017;533;103;76.3;43;50.6;61;67.8
